[2026-07-10 17:57:21] ============================================================
[2026-07-10 17:57:21] Cleanup started
[2026-07-10 17:57:21] Keeping underscore folders: 2026_07_10, 2026_07_09
[2026-07-10 17:57:21] Keeping hyphen folders: 2026-07-10, 2026-07-09
[2026-07-10 17:57:21] History root: /mnt/ssd/home/voptimaise-jetson-2/dev/electrosteel_pipe_detection_prod/var
[2026-07-10 17:57:21] [caster_1] Checking history directory
[2026-07-10 17:57:21] [caster_1] Deleting: 2026-07-08 | Size: 4.0K
[2026-07-10 17:57:21] [caster_1] Deleted successfully: 2026-07-08
[2026-07-10 17:57:21] [caster_1] Summary: deleted=1, failed=0, freed=4.0KiB
[2026-07-10 17:57:22] [caster_2] Checking history directory
[2026-07-10 17:57:22] [caster_2] Deleting: 2026_07_08 | Size: 4.0K
[2026-07-10 17:57:22] [caster_2] Deleted successfully: 2026_07_08
[2026-07-10 17:57:22] [caster_2] Summary: deleted=1, failed=0, freed=4.0KiB
[2026-07-10 17:57:22] [caster_3] Checking history directory
[2026-07-10 17:57:22] [caster_3] No old folders found.
[2026-07-10 17:57:22] [caster_3] Summary: deleted=0, failed=0, freed=0B
[2026-07-10 17:57:22] [caster_4] No history directory. Skipping.
[2026-07-10 17:57:22] [caster_5] No history directory. Skipping.
[2026-07-10 17:57:22] [caster_6] No history directory. Skipping.
[2026-07-10 17:57:22] [caster_7] No history directory. Skipping.
[2026-07-10 17:57:22] [caster_8] No history directory. Skipping.
[2026-07-10 17:57:22] Cleanup completed
[2026-07-10 17:57:22] Casters checked: 3
[2026-07-10 17:57:22] Overall summary: deleted=2, failed=0, freed=8.0KiB
[2026-07-10 17:57:22] Root disk usage after cleanup:
Filesystem      Size  Used Avail Use% Mounted on
/dev/mmcblk0p1   56G   43G   11G  80% /
[2026-07-10 17:57:22] ============================================================
[2026-07-10 18:03:42] ============================================================
[2026-07-10 18:03:42] Cleanup started
[2026-07-10 18:03:42] Keeping underscore folders: 2026_07_10, 2026_07_09
[2026-07-10 18:03:42] Keeping hyphen folders: 2026-07-10, 2026-07-09
[2026-07-10 18:03:42] History root: /mnt/ssd/home/voptimaise-jetson-2/dev/electrosteel_pipe_detection_prod/var
[2026-07-10 18:03:42] [caster_1] Checking history directory
[2026-07-10 18:03:42] [caster_1] No old folders found.
[2026-07-10 18:03:42] [caster_1] Summary: deleted=0, failed=0, freed=0B
[2026-07-10 18:03:42] [caster_2] Checking history directory
[2026-07-10 18:03:43] [caster_2] No old folders found.
[2026-07-10 18:03:43] [caster_2] Summary: deleted=0, failed=0, freed=0B
[2026-07-10 18:03:43] [caster_3] Checking history directory
[2026-07-10 18:03:43] [caster_3] No old folders found.
[2026-07-10 18:03:43] [caster_3] Summary: deleted=0, failed=0, freed=0B
[2026-07-10 18:03:43] [caster_4] No history directory. Skipping.
[2026-07-10 18:03:43] [caster_5] No history directory. Skipping.
[2026-07-10 18:03:43] [caster_6] No history directory. Skipping.
[2026-07-10 18:03:43] [caster_7] No history directory. Skipping.
[2026-07-10 18:03:43] [caster_8] No history directory. Skipping.
[2026-07-10 18:03:43] Cleanup completed
[2026-07-10 18:03:43] Casters checked: 3
[2026-07-10 18:03:43] Overall summary: deleted=0, failed=0, freed=0B
[2026-07-10 18:03:43] Root disk usage after cleanup:
[2026-07-10 18:03:43] Root filesystem usage:
Filesystem      Size  Used Avail Use% Mounted on
/dev/mmcblk0p1   56G   43G   11G  80% /
[2026-07-10 18:03:43] SSD filesystem usage:
Filesystem      Size  Used Avail Use% Mounted on
/dev/nvme0n1p1  440G  257G  161G  62% /mnt/ssd
[2026-07-10 18:03:43] ============================================================
[2026-07-11 12:46:59] ============================================================
[2026-07-11 12:46:59] Cleanup started
[2026-07-11 12:46:59] Keeping underscore folders: 2026_07_11, 2026_07_10
[2026-07-11 12:46:59] Keeping hyphen folders: 2026-07-11, 2026-07-10
[2026-07-11 12:46:59] History root: /mnt/ssd/home/voptimaise-jetson-2/dev/electrosteel_pipe_detection_prod/var
[2026-07-11 12:46:59] [caster_1] Checking history directory
[2026-07-11 12:46:59] [caster_1] No old folders found.
[2026-07-11 12:46:59] [caster_1] Summary: deleted=0, failed=0, freed=0B
[2026-07-11 12:46:59] [caster_2] Checking history directory
[2026-07-11 12:47:05] [caster_2] Deleting: 2026_07_09 | Size: 63G
[2026-07-11 12:47:15] [caster_2] Deleted successfully: 2026_07_09
[2026-07-11 12:47:15] [caster_2] Summary: deleted=1, failed=0, freed=62GiB
[2026-07-11 12:47:15] [caster_3] Checking history directory
[2026-07-11 12:47:15] [caster_3] No old folders found.
[2026-07-11 12:47:15] [caster_3] Summary: deleted=0, failed=0, freed=0B
[2026-07-11 12:47:15] [caster_4] No history directory. Skipping.
[2026-07-11 12:47:15] [caster_5] No history directory. Skipping.
[2026-07-11 12:47:15] [caster_6] No history directory. Skipping.
[2026-07-11 12:47:15] [caster_7] No history directory. Skipping.
[2026-07-11 12:47:15] [caster_8] No history directory. Skipping.
[2026-07-11 12:47:15] Cleanup completed
[2026-07-11 12:47:15] Casters checked: 3
[2026-07-11 12:47:15] Overall summary: deleted=1, failed=0, freed=62GiB
[2026-07-11 12:47:15] Root disk usage after cleanup:
[2026-07-11 12:47:15] Root filesystem usage:
Filesystem      Size  Used Avail Use% Mounted on
/dev/mmcblk0p1   56G   43G   11G  80% /
[2026-07-11 12:47:15] SSD filesystem usage:
Filesystem      Size  Used Avail Use% Mounted on
/dev/nvme0n1p1  440G  293G  125G  71% /mnt/ssd
[2026-07-11 12:47:15] ============================================================
[2026-07-11 13:03:07] ============================================================
[2026-07-11 13:03:07] Cleanup started
[2026-07-11 13:03:07] Today: 2026_07_11 / 2026-07-11
[2026-07-11 13:03:07] Yesterday: 2026_07_10 / 2026-07-10
[2026-07-11 13:03:07] History root: /mnt/ssd/home/voptimaise-jetson-2/dev/electrosteel_pipe_detection_prod/var
[2026-07-11 13:03:07] Yesterday cleanup: delete Shift A and Shift B; keep Shift C
[2026-07-11 13:03:07] Folders older than yesterday will be deleted completely
[2026-07-11 13:03:07] [caster_1] Checking history directory: /mnt/ssd/home/voptimaise-jetson-2/dev/electrosteel_pipe_detection_prod/var/caster_1/history
[2026-07-11 13:03:07] [caster_1] Yesterday's folder does not exist.
[2026-07-11 13:03:07] [caster_1] No date folders older than yesterday found.
[2026-07-11 13:03:07] [caster_1] Summary: yesterday_items_deleted=0, old_date_folders_deleted=0, failed=0, freed=0B
[2026-07-11 13:03:07] [caster_2] Checking history directory: /mnt/ssd/home/voptimaise-jetson-2/dev/electrosteel_pipe_detection_prod/var/caster_2/history
[2026-07-11 13:03:07] [caster_2] Cleaning yesterday's folder: 2026_07_10
[2026-07-11 13:03:08] [caster_2] Deleting 2026_07_10/Shift_A_img | Size: 25G
[2026-07-11 13:03:11] [caster_2] Deleted successfully: 2026_07_10/Shift_A_img
[2026-07-11 13:03:12] [caster_2] Deleting 2026_07_10/Shift_A_text | Size: 273M
[2026-07-11 13:03:14] [caster_2] Deleted successfully: 2026_07_10/Shift_A_text
[2026-07-11 13:03:15] [caster_2] Deleting 2026_07_10/Shift_B_img | Size: 21G
[2026-07-11 13:03:18] [caster_2] Deleted successfully: 2026_07_10/Shift_B_img
[2026-07-11 13:03:19] [caster_2] Deleting 2026_07_10/Shift_B_text | Size: 244M
[2026-07-11 13:03:26] [caster_2] Deleted successfully: 2026_07_10/Shift_B_text
[2026-07-11 13:03:26] [caster_2] No date folders older than yesterday found.
[2026-07-11 13:03:26] [caster_2] Summary: yesterday_items_deleted=, old_date_folders_deleted=0, failed=0, freed= bytes
[2026-07-11 13:03:26] [caster_3] Checking history directory: /mnt/ssd/home/voptimaise-jetson-2/dev/electrosteel_pipe_detection_prod/var/caster_3/history
[2026-07-11 13:03:26] [caster_3] Cleaning yesterday's folder: 2026_07_10
[2026-07-11 13:03:26] [caster_3] Yesterday item not present: Shift_A_img
[2026-07-11 13:03:26] [caster_3] Yesterday item not present: Shift_A_text
[2026-07-11 13:03:29] [caster_3] Deleting 2026_07_10/Shift_B_img | Size: 30G
[2026-07-11 13:03:34] [caster_3] Deleted successfully: 2026_07_10/Shift_B_img
[2026-07-11 13:03:35] [caster_3] Deleting 2026_07_10/Shift_B_text | Size: 333M
[2026-07-11 13:03:44] [caster_3] Deleted successfully: 2026_07_10/Shift_B_text
[2026-07-11 13:03:45] [caster_3] No date folders older than yesterday found.
[2026-07-11 13:03:45] [caster_3] Summary: yesterday_items_deleted=, old_date_folders_deleted=0, failed=0, freed= bytes
[2026-07-11 13:03:45] [caster_4] No history directory. Skipping.
[2026-07-11 13:03:45] [caster_5] No history directory. Skipping.
[2026-07-11 13:03:45] [caster_6] No history directory. Skipping.
[2026-07-11 13:03:45] [caster_7] No history directory. Skipping.
[2026-07-11 13:03:45] [caster_8] No history directory. Skipping.
[2026-07-11 13:03:45] Cleanup completed
[2026-07-11 13:03:45] Casters checked: 3
[2026-07-11 13:03:45] Yesterday Shift A/B items deleted: 
[2026-07-11 13:03:45] Old date folders deleted: 0
[2026-07-11 13:03:45] Failures: 0
[2026-07-11 13:03:45] Total space freed: 75GiB
[2026-07-11 13:03:45] Root filesystem usage:
Filesystem      Size  Used Avail Use% Mounted on
/dev/mmcblk0p1   56G   43G   11G  80% /
[2026-07-11 13:03:45] SSD filesystem usage:
Filesystem      Size  Used Avail Use% Mounted on
/dev/nvme0n1p1  440G  219G  198G  53% /mnt/ssd
[2026-07-11 13:03:45] ============================================================
[2026-07-12 00:10:01] ============================================================
[2026-07-12 00:10:01] Cleanup started
[2026-07-12 00:10:01] Today: 2026_07_12 / 2026-07-12
[2026-07-12 00:10:01] Yesterday: 2026_07_11 / 2026-07-11
[2026-07-12 00:10:01] History root: /mnt/ssd/home/voptimaise-jetson-2/dev/electrosteel_pipe_detection_prod/var
[2026-07-12 00:10:01] Yesterday cleanup: delete Shift A and Shift B; keep Shift C
[2026-07-12 00:10:01] Folders older than yesterday will be deleted completely
[2026-07-12 00:10:02] [caster_1] Checking history directory: /mnt/ssd/home/voptimaise-jetson-2/dev/electrosteel_pipe_detection_prod/var/caster_1/history
[2026-07-12 00:10:02] [caster_1] Yesterday's folder does not exist.
[2026-07-12 00:10:02] [caster_1] No date folders older than yesterday found.
[2026-07-12 00:10:02] [caster_1] Summary: yesterday_items_deleted=0, old_date_folders_deleted=0, failed=0, freed=0B
[2026-07-12 00:10:02] [caster_2] Checking history directory: /mnt/ssd/home/voptimaise-jetson-2/dev/electrosteel_pipe_detection_prod/var/caster_2/history
[2026-07-12 00:10:02] [caster_2] Cleaning yesterday's folder: 2026_07_11
[2026-07-12 00:10:02] [caster_2] Deleting 2026_07_11/Shift_A_img | Size: 20G
[2026-07-12 00:10:05] [caster_2] Deleted successfully: 2026_07_11/Shift_A_img
[2026-07-12 00:10:06] [caster_2] Deleting 2026_07_11/Shift_A_text | Size: 229M
[2026-07-12 00:10:08] [caster_2] Deleted successfully: 2026_07_11/Shift_A_text
[2026-07-12 00:10:09] [caster_2] Deleting 2026_07_11/Shift_B_img | Size: 20G
[2026-07-12 00:10:12] [caster_2] Deleted successfully: 2026_07_11/Shift_B_img
[2026-07-12 00:10:13] [caster_2] Deleting 2026_07_11/Shift_B_text | Size: 236M
[2026-07-12 00:10:15] [caster_2] Deleted successfully: 2026_07_11/Shift_B_text
[2026-07-12 00:10:18] [caster_2] Deleting old date folder 2026_07_10 | Size: 23G
[2026-07-12 00:10:44] [caster_2] Deleted successfully: old date folder 2026_07_10
[2026-07-12 00:10:44] [caster_2] Summary: yesterday_items_deleted=, old_date_folders_deleted=, failed=0, freed= bytes
[2026-07-12 00:10:44] [caster_3] Checking history directory: /mnt/ssd/home/voptimaise-jetson-2/dev/electrosteel_pipe_detection_prod/var/caster_3/history
[2026-07-12 00:10:44] [caster_3] Cleaning yesterday's folder: 2026_07_11
[2026-07-12 00:10:47] [caster_3] Deleting 2026_07_11/Shift_A_img | Size: 41G
[2026-07-12 00:11:02] [caster_3] Deleted successfully: 2026_07_11/Shift_A_img
[2026-07-12 00:11:11] [caster_3] Deleting 2026_07_11/Shift_A_text | Size: 437M
[2026-07-12 00:11:15] [caster_3] Deleted successfully: 2026_07_11/Shift_A_text
[2026-07-12 00:11:16] [caster_3] Deleting 2026_07_11/Shift_B_img | Size: 41G
[2026-07-12 00:11:20] [caster_3] Deleted successfully: 2026_07_11/Shift_B_img
[2026-07-12 00:11:22] [caster_3] Deleting 2026_07_11/Shift_B_text | Size: 445M
[2026-07-12 00:11:26] [caster_3] Deleted successfully: 2026_07_11/Shift_B_text
[2026-07-12 00:11:27] [caster_3] Deleting old date folder 2026_07_10 | Size: 10G
[2026-07-12 00:11:28] [caster_3] Deleted successfully: old date folder 2026_07_10
[2026-07-12 00:11:28] [caster_3] Summary: yesterday_items_deleted=, old_date_folders_deleted=, failed=0, freed= bytes
[2026-07-12 00:11:28] [caster_4] No history directory. Skipping.
[2026-07-12 00:11:28] [caster_5] No history directory. Skipping.
[2026-07-12 00:11:28] [caster_6] No history directory. Skipping.
[2026-07-12 00:11:28] [caster_7] No history directory. Skipping.
[2026-07-12 00:11:28] [caster_8] No history directory. Skipping.
[2026-07-12 00:11:29] Cleanup completed
[2026-07-12 00:11:29] Casters checked: 3
[2026-07-12 00:11:29] Yesterday Shift A/B items deleted: 
[2026-07-12 00:11:29] Old date folders deleted: 
[2026-07-12 00:11:29] Failures: 0
[2026-07-12 00:11:29] Total space freed: 152GiB
[2026-07-12 00:11:29] Root filesystem usage:
Filesystem      Size  Used Avail Use% Mounted on
/dev/mmcblk0p1   56G   43G   11G  81% /
[2026-07-12 00:11:29] SSD filesystem usage:
Filesystem      Size  Used Avail Use% Mounted on
/dev/nvme0n1p1  440G  169G  249G  41% /mnt/ssd
[2026-07-12 00:11:29] ============================================================
[2026-07-14 04:14:07] ============================================================
[2026-07-14 04:14:07] Cleanup started
[2026-07-14 04:14:07] Today: 2026_07_14 / 2026-07-14
[2026-07-14 04:14:07] Yesterday: 2026_07_13 / 2026-07-13
[2026-07-14 04:14:07] History root: /mnt/ssd/home/voptimaise-jetson-2/dev/electrosteel_pipe_detection_prod/var
[2026-07-14 04:14:07] Yesterday cleanup: delete Shift A and Shift B; keep Shift C
[2026-07-14 04:14:07] Folders older than yesterday will be deleted completely
[2026-07-14 04:14:07] [caster_1] Checking history directory: /mnt/ssd/home/voptimaise-jetson-2/dev/electrosteel_pipe_detection_prod/var/caster_1/history
[2026-07-14 04:14:07] [caster_1] Yesterday's folder does not exist.
[2026-07-14 04:14:08] [caster_1] No date folders older than yesterday found.
[2026-07-14 04:14:08] [caster_1] Summary: yesterday_items_deleted=0, old_date_folders_deleted=0, failed=0, freed=0B
[2026-07-14 04:14:08] [caster_2] Checking history directory: /mnt/ssd/home/voptimaise-jetson-2/dev/electrosteel_pipe_detection_prod/var/caster_2/history
[2026-07-14 04:14:08] [caster_2] Cleaning yesterday's folder: 2026_07_13
[2026-07-14 04:14:09] [caster_2] Deleting 2026_07_13/Shift_A_img | Size: 21G
[2026-07-14 04:14:11] [caster_2] Deleted successfully: 2026_07_13/Shift_A_img
[2026-07-14 04:14:13] [caster_2] Deleting 2026_07_13/Shift_A_text | Size: 234M
[2026-07-14 04:14:14] [caster_2] Deleted successfully: 2026_07_13/Shift_A_text
[2026-07-14 04:14:15] [caster_2] Deleting 2026_07_13/Shift_B_img | Size: 20G
[2026-07-14 04:14:18] [caster_2] Deleted successfully: 2026_07_13/Shift_B_img
[2026-07-14 04:14:19] [caster_2] Deleting 2026_07_13/Shift_B_text | Size: 237M
[2026-07-14 04:14:21] [caster_2] Deleted successfully: 2026_07_13/Shift_B_text
[2026-07-14 04:14:23] [caster_2] Deleting old date folder 2026_07_12 | Size: 20G
[2026-07-14 04:14:27] [caster_2] Deleted successfully: old date folder 2026_07_12
[2026-07-14 04:14:27] [caster_2] Summary: yesterday_items_deleted=, old_date_folders_deleted=, failed=0, freed= bytes
[2026-07-14 04:14:27] [caster_3] Checking history directory: /mnt/ssd/home/voptimaise-jetson-2/dev/electrosteel_pipe_detection_prod/var/caster_3/history
[2026-07-14 04:14:27] [caster_3] Cleaning yesterday's folder: 2026_07_13
[2026-07-14 04:14:29] [caster_3] Deleting 2026_07_13/Shift_A_img | Size: 34G
[2026-07-14 04:14:39] [caster_3] Deleted successfully: 2026_07_13/Shift_A_img
[2026-07-14 04:14:41] [caster_3] Deleting 2026_07_13/Shift_A_text | Size: 458M
[2026-07-14 04:14:44] [caster_3] Deleted successfully: 2026_07_13/Shift_A_text
[2026-07-14 04:14:46] [caster_3] Deleting 2026_07_13/Shift_B_img | Size: 38G
[2026-07-14 04:14:50] [caster_3] Deleted successfully: 2026_07_13/Shift_B_img
[2026-07-14 04:14:52] [caster_3] Deleting 2026_07_13/Shift_B_text | Size: 471M
[2026-07-14 04:14:56] [caster_3] Deleted successfully: 2026_07_13/Shift_B_text
[2026-07-14 04:15:00] [caster_3] Deleting old date folder 2026_07_12 | Size: 43G
[2026-07-14 04:15:08] [caster_3] Deleted successfully: old date folder 2026_07_12
[2026-07-14 04:15:08] [caster_3] Summary: yesterday_items_deleted=, old_date_folders_deleted=, failed=0, freed= bytes
[2026-07-14 04:15:08] [caster_4] No history directory. Skipping.
[2026-07-14 04:15:08] [caster_5] No history directory. Skipping.
[2026-07-14 04:15:08] [caster_6] No history directory. Skipping.
[2026-07-14 04:15:08] [caster_7] No history directory. Skipping.
[2026-07-14 04:15:08] [caster_8] No history directory. Skipping.
[2026-07-14 04:15:08] Cleanup completed
[2026-07-14 04:15:08] Casters checked: 3
[2026-07-14 04:15:08] Yesterday Shift A/B items deleted: 
[2026-07-14 04:15:08] Old date folders deleted: 
[2026-07-14 04:15:08] Failures: 0
[2026-07-14 04:15:08] Total space freed: 172GiB
[2026-07-14 04:15:08] Root filesystem usage:
Filesystem      Size  Used Avail Use% Mounted on
/dev/mmcblk0p1   56G   43G   11G  81% /
[2026-07-14 04:15:08] SSD filesystem usage:
Filesystem      Size  Used Avail Use% Mounted on
/dev/nvme0n1p1  440G  207G  211G  50% /mnt/ssd
[2026-07-14 04:15:08] ============================================================
[2026-07-15 10:15:25] ============================================================
[2026-07-15 10:15:25] Cleanup started
[2026-07-15 10:15:25] Today: 2026_07_15 / 2026-07-15
[2026-07-15 10:15:25] Yesterday: 2026_07_14 / 2026-07-14
[2026-07-15 10:15:25] History root: /mnt/ssd/home/voptimaise-jetson-2/dev/electrosteel_pipe_detection_prod/var
[2026-07-15 10:15:25] Yesterday cleanup: delete Shift A and Shift B; keep Shift C
[2026-07-15 10:15:25] Folders older than yesterday will be deleted completely
[2026-07-15 10:15:25] [caster_1] Checking history directory: /mnt/ssd/home/voptimaise-jetson-2/dev/electrosteel_pipe_detection_prod/var/caster_1/history
[2026-07-15 10:15:25] [caster_1] Yesterday's folder does not exist.
[2026-07-15 10:15:25] [caster_1] No date folders older than yesterday found.
[2026-07-15 10:15:26] [caster_1] Summary: yesterday_items_deleted=0, old_date_folders_deleted=0, failed=0, freed=0B
[2026-07-15 10:15:26] [caster_2] Checking history directory: /mnt/ssd/home/voptimaise-jetson-2/dev/electrosteel_pipe_detection_prod/var/caster_2/history
[2026-07-15 10:15:26] [caster_2] Cleaning yesterday's folder: 2026_07_14
[2026-07-15 10:15:26] [caster_2] Yesterday item not present: Shift_A_img
[2026-07-15 10:15:26] [caster_2] Yesterday item not present: Shift_A_text
[2026-07-15 10:15:26] [caster_2] Yesterday item not present: Shift_B_img
[2026-07-15 10:15:26] [caster_2] Yesterday item not present: Shift_B_text
[2026-07-15 10:15:27] [caster_2] Deleting old date folder 2026_07_13 | Size: 9.5G
[2026-07-15 10:15:37] [caster_2] Deleted successfully: old date folder 2026_07_13
[2026-07-15 10:15:37] [caster_2] Summary: yesterday_items_deleted=0, old_date_folders_deleted=, failed=0, freed= bytes
[2026-07-15 10:15:37] [caster_3] Checking history directory: /mnt/ssd/home/voptimaise-jetson-2/dev/electrosteel_pipe_detection_prod/var/caster_3/history
[2026-07-15 10:15:37] [caster_3] Cleaning yesterday's folder: 2026_07_14
[2026-07-15 10:15:37] [caster_3] Yesterday item not present: Shift_A_img
[2026-07-15 10:15:37] [caster_3] Yesterday item not present: Shift_A_text
[2026-07-15 10:15:37] [caster_3] Yesterday item not present: Shift_B_img
[2026-07-15 10:15:37] [caster_3] Yesterday item not present: Shift_B_text
[2026-07-15 10:15:42] [caster_3] Deleting old date folder 2026_07_13 | Size: 37G
[2026-07-15 10:15:51] [caster_3] Deleted successfully: old date folder 2026_07_13
[2026-07-15 10:15:51] [caster_3] Summary: yesterday_items_deleted=0, old_date_folders_deleted=, failed=0, freed= bytes
[2026-07-15 10:15:51] [caster_4] No history directory. Skipping.
[2026-07-15 10:15:51] [caster_5] No history directory. Skipping.
[2026-07-15 10:15:51] [caster_6] No history directory. Skipping.
[2026-07-15 10:15:51] [caster_7] No history directory. Skipping.
[2026-07-15 10:15:51] [caster_8] No history directory. Skipping.
[2026-07-15 10:15:51] Cleanup completed
[2026-07-15 10:15:51] Casters checked: 3
[2026-07-15 10:15:51] Yesterday Shift A/B items deleted: 0
[2026-07-15 10:15:51] Old date folders deleted: 
[2026-07-15 10:15:51] Failures: 0
[2026-07-15 10:15:51] Total space freed: 46GiB
[2026-07-15 10:15:51] Root filesystem usage:
Filesystem      Size  Used Avail Use% Mounted on
/dev/mmcblk0p1   56G   43G   11G  81% /
[2026-07-15 10:15:51] SSD filesystem usage:
Filesystem      Size  Used Avail Use% Mounted on
/dev/nvme0n1p1  440G  201G  216G  49% /mnt/ssd
[2026-07-15 10:15:51] ============================================================
[2026-07-15 10:16:12] ============================================================
[2026-07-15 10:16:12] Cleanup started
[2026-07-15 10:16:12] Today: 2026_07_15 / 2026-07-15
[2026-07-15 10:16:12] Yesterday: 2026_07_14 / 2026-07-14
[2026-07-15 10:16:12] History root: /mnt/ssd/home/voptimaise-jetson-2/dev/electrosteel_pipe_detection_prod/var
[2026-07-15 10:16:12] Yesterday cleanup: delete Shift A and Shift B; keep Shift C
[2026-07-15 10:16:12] Folders older than yesterday will be deleted completely
[2026-07-15 10:16:12] [caster_1] Checking history directory: /mnt/ssd/home/voptimaise-jetson-2/dev/electrosteel_pipe_detection_prod/var/caster_1/history
[2026-07-15 10:16:12] [caster_1] Yesterday's folder does not exist.
[2026-07-15 10:16:12] [caster_1] No date folders older than yesterday found.
[2026-07-15 10:16:13] [caster_1] Summary: yesterday_items_deleted=0, old_date_folders_deleted=0, failed=0, freed=0B
[2026-07-15 10:16:13] [caster_2] Checking history directory: /mnt/ssd/home/voptimaise-jetson-2/dev/electrosteel_pipe_detection_prod/var/caster_2/history
[2026-07-15 10:16:13] [caster_2] Cleaning yesterday's folder: 2026_07_14
[2026-07-15 10:16:13] [caster_2] Yesterday item not present: Shift_A_img
[2026-07-15 10:16:13] [caster_2] Yesterday item not present: Shift_A_text
[2026-07-15 10:16:13] [caster_2] Yesterday item not present: Shift_B_img
[2026-07-15 10:16:13] [caster_2] Yesterday item not present: Shift_B_text
[2026-07-15 10:16:13] [caster_2] No date folders older than yesterday found.
[2026-07-15 10:16:13] [caster_2] Summary: yesterday_items_deleted=0, old_date_folders_deleted=0, failed=0, freed=0B
[2026-07-15 10:16:13] [caster_3] Checking history directory: /mnt/ssd/home/voptimaise-jetson-2/dev/electrosteel_pipe_detection_prod/var/caster_3/history
[2026-07-15 10:16:13] [caster_3] Cleaning yesterday's folder: 2026_07_14
[2026-07-15 10:16:13] [caster_3] Yesterday item not present: Shift_A_img
[2026-07-15 10:16:13] [caster_3] Yesterday item not present: Shift_A_text
[2026-07-15 10:16:13] [caster_3] Yesterday item not present: Shift_B_img
[2026-07-15 10:16:13] [caster_3] Yesterday item not present: Shift_B_text
[2026-07-15 10:16:13] [caster_3] No date folders older than yesterday found.
[2026-07-15 10:16:13] [caster_3] Summary: yesterday_items_deleted=0, old_date_folders_deleted=0, failed=0, freed=0B
[2026-07-15 10:16:13] [caster_4] No history directory. Skipping.
[2026-07-15 10:16:13] [caster_5] No history directory. Skipping.
[2026-07-15 10:16:13] [caster_6] No history directory. Skipping.
[2026-07-15 10:16:13] [caster_7] No history directory. Skipping.
[2026-07-15 10:16:13] [caster_8] No history directory. Skipping.
[2026-07-15 10:16:13] Cleanup completed
[2026-07-15 10:16:13] Casters checked: 3
[2026-07-15 10:16:13] Yesterday Shift A/B items deleted: 0
[2026-07-15 10:16:13] Old date folders deleted: 0
[2026-07-15 10:16:13] Failures: 0
[2026-07-15 10:16:13] Total space freed: 0B
[2026-07-15 10:16:13] Root filesystem usage:
Filesystem      Size  Used Avail Use% Mounted on
/dev/mmcblk0p1   56G   43G   11G  81% /
[2026-07-15 10:16:13] SSD filesystem usage:
Filesystem      Size  Used Avail Use% Mounted on
/dev/nvme0n1p1  440G  201G  216G  49% /mnt/ssd
[2026-07-15 10:16:13] ============================================================
[2026-07-16 00:10:01] ============================================================
[2026-07-16 00:10:01] Cleanup started
[2026-07-16 00:10:01] Today: 2026_07_16 / 2026-07-16
[2026-07-16 00:10:01] Yesterday: 2026_07_15 / 2026-07-15
[2026-07-16 00:10:01] History root: /mnt/ssd/home/voptimaise-jetson-2/dev/electrosteel_pipe_detection_prod/var
[2026-07-16 00:10:01] Yesterday cleanup: delete Shift A and Shift B; keep Shift C
[2026-07-16 00:10:01] Folders older than yesterday will be deleted completely
[2026-07-16 00:10:02] [caster_1] Checking history directory: /mnt/ssd/home/voptimaise-jetson-2/dev/electrosteel_pipe_detection_prod/var/caster_1/history
[2026-07-16 00:10:02] [caster_1] Yesterday's folder does not exist.
[2026-07-16 00:10:02] [caster_1] No date folders older than yesterday found.
[2026-07-16 00:10:02] [caster_1] Summary: yesterday_items_deleted=0, old_date_folders_deleted=0, failed=0, freed=0B
[2026-07-16 00:10:02] [caster_2] Checking history directory: /mnt/ssd/home/voptimaise-jetson-2/dev/electrosteel_pipe_detection_prod/var/caster_2/history
[2026-07-16 00:10:02] [caster_2] Cleaning yesterday's folder: 2026_07_15
[2026-07-16 00:10:02] [caster_2] Yesterday item not present: Shift_A_img
[2026-07-16 00:10:02] [caster_2] Yesterday item not present: Shift_A_text
[2026-07-16 00:10:02] [caster_2] Yesterday item not present: Shift_B_img
[2026-07-16 00:10:02] [caster_2] Yesterday item not present: Shift_B_text
[2026-07-16 00:10:02] [caster_2] No date folders older than yesterday found.
[2026-07-16 00:10:02] [caster_2] Summary: yesterday_items_deleted=0, old_date_folders_deleted=0, failed=0, freed=0B
[2026-07-16 00:10:02] [caster_3] Checking history directory: /mnt/ssd/home/voptimaise-jetson-2/dev/electrosteel_pipe_detection_prod/var/caster_3/history
[2026-07-16 00:10:02] [caster_3] Cleaning yesterday's folder: 2026_07_15
[2026-07-16 00:10:02] [caster_3] Yesterday item not present: Shift_A_img
[2026-07-16 00:10:02] [caster_3] Yesterday item not present: Shift_A_text
[2026-07-16 00:10:02] [caster_3] Yesterday item not present: Shift_B_img
[2026-07-16 00:10:02] [caster_3] Yesterday item not present: Shift_B_text
[2026-07-16 00:10:05] [caster_3] Deleting old date folder 2026_07_14 | Size: 34G
[2026-07-16 00:10:11] [caster_3] Deleted successfully: old date folder 2026_07_14
[2026-07-16 00:10:11] [caster_3] Summary: yesterday_items_deleted=0, old_date_folders_deleted=, failed=0, freed= bytes
[2026-07-16 00:10:11] [caster_4] No history directory. Skipping.
[2026-07-16 00:10:11] [caster_5] No history directory. Skipping.
[2026-07-16 00:10:11] [caster_6] No history directory. Skipping.
[2026-07-16 00:10:11] [caster_7] No history directory. Skipping.
[2026-07-16 00:10:11] [caster_8] No history directory. Skipping.
[2026-07-16 00:10:11] Cleanup completed
[2026-07-16 00:10:11] Casters checked: 3
[2026-07-16 00:10:11] Yesterday Shift A/B items deleted: 0
[2026-07-16 00:10:11] Old date folders deleted: 
[2026-07-16 00:10:11] Failures: 0
[2026-07-16 00:10:11] Total space freed: 34GiB
[2026-07-16 00:10:11] Root filesystem usage:
Filesystem      Size  Used Avail Use% Mounted on
/dev/mmcblk0p1   56G   43G   11G  81% /
[2026-07-16 00:10:11] SSD filesystem usage:
Filesystem      Size  Used Avail Use% Mounted on
/dev/nvme0n1p1  440G  163G  254G  40% /mnt/ssd
[2026-07-16 00:10:11] ============================================================
[2026-07-17 00:10:01] ============================================================
[2026-07-17 00:10:01] Cleanup started
[2026-07-17 00:10:01] Today: 2026_07_17 / 2026-07-17
[2026-07-17 00:10:01] Yesterday: 2026_07_16 / 2026-07-16
[2026-07-17 00:10:01] History root: /mnt/ssd/home/voptimaise-jetson-2/dev/electrosteel_pipe_detection_prod/var
[2026-07-17 00:10:01] Yesterday cleanup: delete Shift A and Shift B; keep Shift C
[2026-07-17 00:10:01] Folders older than yesterday will be deleted completely
[2026-07-17 00:10:01] [caster_1] Checking history directory: /mnt/ssd/home/voptimaise-jetson-2/dev/electrosteel_pipe_detection_prod/var/caster_1/history
[2026-07-17 00:10:01] [caster_1] Yesterday's folder does not exist.
[2026-07-17 00:10:01] [caster_1] No date folders older than yesterday found.
[2026-07-17 00:10:01] [caster_1] Summary: yesterday_items_deleted=0, old_date_folders_deleted=0, failed=0, freed=0B
[2026-07-17 00:10:01] [caster_2] Checking history directory: /mnt/ssd/home/voptimaise-jetson-2/dev/electrosteel_pipe_detection_prod/var/caster_2/history
[2026-07-17 00:10:01] [caster_2] Cleaning yesterday's folder: 2026_07_16
[2026-07-17 00:10:01] [caster_2] Yesterday item not present: Shift_A_img
[2026-07-17 00:10:01] [caster_2] Yesterday item not present: Shift_A_text
[2026-07-17 00:10:01] [caster_2] Yesterday item not present: Shift_B_img
[2026-07-17 00:10:01] [caster_2] Yesterday item not present: Shift_B_text
[2026-07-17 00:10:01] [caster_2] No date folders older than yesterday found.
[2026-07-17 00:10:01] [caster_2] Summary: yesterday_items_deleted=0, old_date_folders_deleted=0, failed=0, freed=0B
[2026-07-17 00:10:01] [caster_3] Checking history directory: /mnt/ssd/home/voptimaise-jetson-2/dev/electrosteel_pipe_detection_prod/var/caster_3/history
[2026-07-17 00:10:01] [caster_3] Cleaning yesterday's folder: 2026_07_16
[2026-07-17 00:10:01] [caster_3] Yesterday item not present: Shift_A_img
[2026-07-17 00:10:01] [caster_3] Yesterday item not present: Shift_A_text
[2026-07-17 00:10:01] [caster_3] Yesterday item not present: Shift_B_img
[2026-07-17 00:10:01] [caster_3] Yesterday item not present: Shift_B_text
[2026-07-17 00:10:01] [caster_3] No date folders older than yesterday found.
[2026-07-17 00:10:01] [caster_3] Summary: yesterday_items_deleted=0, old_date_folders_deleted=0, failed=0, freed=0B
[2026-07-17 00:10:01] [caster_4] No history directory. Skipping.
[2026-07-17 00:10:01] [caster_5] No history directory. Skipping.
[2026-07-17 00:10:01] [caster_6] No history directory. Skipping.
[2026-07-17 00:10:01] [caster_7] No history directory. Skipping.
[2026-07-17 00:10:01] [caster_8] No history directory. Skipping.
[2026-07-17 00:10:01] Cleanup completed
[2026-07-17 00:10:01] Casters checked: 3
[2026-07-17 00:10:01] Yesterday Shift A/B items deleted: 0
[2026-07-17 00:10:01] Old date folders deleted: 0
[2026-07-17 00:10:01] Failures: 0
[2026-07-17 00:10:01] Total space freed: 0B
[2026-07-17 00:10:01] Root filesystem usage:
Filesystem      Size  Used Avail Use% Mounted on
/dev/mmcblk0p1   56G   44G  9.9G  82% /
[2026-07-17 00:10:01] SSD filesystem usage:
Filesystem      Size  Used Avail Use% Mounted on
/dev/nvme0n1p1  440G  153G  265G  37% /mnt/ssd
[2026-07-17 00:10:01] ============================================================
[2026-07-18 00:10:02] ============================================================
[2026-07-18 00:10:02] Cleanup started
[2026-07-18 00:10:02] Today: 2026_07_18 / 2026-07-18
[2026-07-18 00:10:02] Yesterday: 2026_07_17 / 2026-07-17
[2026-07-18 00:10:02] History root: /mnt/ssd/home/voptimaise-jetson-2/dev/electrosteel_pipe_detection_prod/var
[2026-07-18 00:10:02] Yesterday cleanup: delete Shift A and Shift B; keep Shift C
[2026-07-18 00:10:02] Folders older than yesterday will be deleted completely
[2026-07-18 00:10:02] [caster_1] Checking history directory: /mnt/ssd/home/voptimaise-jetson-2/dev/electrosteel_pipe_detection_prod/var/caster_1/history
[2026-07-18 00:10:02] [caster_1] Yesterday's folder does not exist.
[2026-07-18 00:10:02] [caster_1] No date folders older than yesterday found.
[2026-07-18 00:10:02] [caster_1] Summary: yesterday_items_deleted=0, old_date_folders_deleted=0, failed=0, freed=0B
[2026-07-18 00:10:02] [caster_2] Checking history directory: /mnt/ssd/home/voptimaise-jetson-2/dev/electrosteel_pipe_detection_prod/var/caster_2/history
[2026-07-18 00:10:02] [caster_2] Cleaning yesterday's folder: 2026_07_17
[2026-07-18 00:10:02] [caster_2] Yesterday item not present: Shift_A_img
[2026-07-18 00:10:02] [caster_2] Yesterday item not present: Shift_A_text
[2026-07-18 00:10:02] [caster_2] Yesterday item not present: Shift_B_img
[2026-07-18 00:10:02] [caster_2] Yesterday item not present: Shift_B_text
[2026-07-18 00:10:02] [caster_2] No date folders older than yesterday found.
[2026-07-18 00:10:02] [caster_2] Summary: yesterday_items_deleted=0, old_date_folders_deleted=0, failed=0, freed=0B
[2026-07-18 00:10:02] [caster_3] Checking history directory: /mnt/ssd/home/voptimaise-jetson-2/dev/electrosteel_pipe_detection_prod/var/caster_3/history
[2026-07-18 00:10:02] [caster_3] Cleaning yesterday's folder: 2026_07_17
[2026-07-18 00:10:02] [caster_3] Yesterday item not present: Shift_A_img
[2026-07-18 00:10:02] [caster_3] Yesterday item not present: Shift_A_text
[2026-07-18 00:10:02] [caster_3] Yesterday item not present: Shift_B_img
[2026-07-18 00:10:02] [caster_3] Yesterday item not present: Shift_B_text
[2026-07-18 00:10:02] [caster_3] No date folders older than yesterday found.
[2026-07-18 00:10:02] [caster_3] Summary: yesterday_items_deleted=0, old_date_folders_deleted=0, failed=0, freed=0B
[2026-07-18 00:10:02] [caster_4] No history directory. Skipping.
[2026-07-18 00:10:02] [caster_5] No history directory. Skipping.
[2026-07-18 00:10:02] [caster_6] No history directory. Skipping.
[2026-07-18 00:10:02] [caster_7] No history directory. Skipping.
[2026-07-18 00:10:02] [caster_8] No history directory. Skipping.
[2026-07-18 00:10:02] Cleanup completed
[2026-07-18 00:10:02] Casters checked: 3
[2026-07-18 00:10:02] Yesterday Shift A/B items deleted: 0
[2026-07-18 00:10:02] Old date folders deleted: 0
[2026-07-18 00:10:02] Failures: 0
[2026-07-18 00:10:02] Total space freed: 0B
[2026-07-18 00:10:02] Root filesystem usage:
Filesystem      Size  Used Avail Use% Mounted on
/dev/mmcblk0p1   56G   43G   11G  81% /
[2026-07-18 00:10:02] SSD filesystem usage:
Filesystem      Size  Used Avail Use% Mounted on
/dev/nvme0n1p1  440G  148G  270G  36% /mnt/ssd
[2026-07-18 00:10:02] ============================================================
[2026-07-19 00:10:01] ============================================================
[2026-07-19 00:10:01] Cleanup started
[2026-07-19 00:10:01] Today: 2026_07_19 / 2026-07-19
[2026-07-19 00:10:01] Yesterday: 2026_07_18 / 2026-07-18
[2026-07-19 00:10:01] History root: /mnt/ssd/home/voptimaise-jetson-2/dev/electrosteel_pipe_detection_prod/var
[2026-07-19 00:10:01] Yesterday cleanup: delete Shift A and Shift B; keep Shift C
[2026-07-19 00:10:01] Folders older than yesterday will be deleted completely
[2026-07-19 00:10:01] [caster_1] Checking history directory: /mnt/ssd/home/voptimaise-jetson-2/dev/electrosteel_pipe_detection_prod/var/caster_1/history
[2026-07-19 00:10:01] [caster_1] Yesterday's folder does not exist.
[2026-07-19 00:10:01] [caster_1] No date folders older than yesterday found.
[2026-07-19 00:10:01] [caster_1] Summary: yesterday_items_deleted=0, old_date_folders_deleted=0, failed=0, freed=0B
[2026-07-19 00:10:01] [caster_2] Checking history directory: /mnt/ssd/home/voptimaise-jetson-2/dev/electrosteel_pipe_detection_prod/var/caster_2/history
[2026-07-19 00:10:01] [caster_2] Cleaning yesterday's folder: 2026_07_18
[2026-07-19 00:10:01] [caster_2] Yesterday item not present: Shift_A_img
[2026-07-19 00:10:01] [caster_2] Yesterday item not present: Shift_A_text
[2026-07-19 00:10:01] [caster_2] Yesterday item not present: Shift_B_img
[2026-07-19 00:10:01] [caster_2] Yesterday item not present: Shift_B_text
[2026-07-19 00:10:01] [caster_2] No date folders older than yesterday found.
[2026-07-19 00:10:01] [caster_2] Summary: yesterday_items_deleted=0, old_date_folders_deleted=0, failed=0, freed=0B
[2026-07-19 00:10:01] [caster_3] Checking history directory: /mnt/ssd/home/voptimaise-jetson-2/dev/electrosteel_pipe_detection_prod/var/caster_3/history
[2026-07-19 00:10:01] [caster_3] Cleaning yesterday's folder: 2026_07_18
[2026-07-19 00:10:01] [caster_3] Yesterday item not present: Shift_A_img
[2026-07-19 00:10:01] [caster_3] Yesterday item not present: Shift_A_text
[2026-07-19 00:10:01] [caster_3] Yesterday item not present: Shift_B_img
[2026-07-19 00:10:01] [caster_3] Yesterday item not present: Shift_B_text
[2026-07-19 00:10:01] [caster_3] No date folders older than yesterday found.
[2026-07-19 00:10:01] [caster_3] Summary: yesterday_items_deleted=0, old_date_folders_deleted=0, failed=0, freed=0B
[2026-07-19 00:10:01] [caster_4] No history directory. Skipping.
[2026-07-19 00:10:01] [caster_5] No history directory. Skipping.
[2026-07-19 00:10:01] [caster_6] No history directory. Skipping.
[2026-07-19 00:10:01] [caster_7] No history directory. Skipping.
[2026-07-19 00:10:01] [caster_8] No history directory. Skipping.
[2026-07-19 00:10:01] Cleanup completed
[2026-07-19 00:10:01] Casters checked: 3
[2026-07-19 00:10:01] Yesterday Shift A/B items deleted: 0
[2026-07-19 00:10:01] Old date folders deleted: 0
[2026-07-19 00:10:01] Failures: 0
[2026-07-19 00:10:01] Total space freed: 0B
[2026-07-19 00:10:01] Root filesystem usage:
Filesystem      Size  Used Avail Use% Mounted on
/dev/mmcblk0p1   56G   44G   10G  82% /
[2026-07-19 00:10:01] SSD filesystem usage:
Filesystem      Size  Used Avail Use% Mounted on
/dev/nvme0n1p1  440G  141G  277G  34% /mnt/ssd
[2026-07-19 00:10:01] ============================================================
[2026-07-20 00:10:00] ============================================================
[2026-07-20 00:10:00] Cleanup started
[2026-07-20 00:10:00] Today: 2026_07_20 / 2026-07-20
[2026-07-20 00:10:00] Yesterday: 2026_07_19 / 2026-07-19
[2026-07-20 00:10:00] History root: /mnt/ssd/home/voptimaise-jetson-2/dev/electrosteel_pipe_detection_prod/var
[2026-07-20 00:10:00] Yesterday cleanup: delete Shift A and Shift B; keep Shift C
[2026-07-20 00:10:00] Folders older than yesterday will be deleted completely
[2026-07-20 00:10:00] [caster_1] Checking history directory: /mnt/ssd/home/voptimaise-jetson-2/dev/electrosteel_pipe_detection_prod/var/caster_1/history
[2026-07-20 00:10:00] [caster_1] Yesterday's folder does not exist.
[2026-07-20 00:10:00] [caster_1] No date folders older than yesterday found.
[2026-07-20 00:10:00] [caster_1] Summary: yesterday_items_deleted=0, old_date_folders_deleted=0, failed=0, freed=0B
[2026-07-20 00:10:00] [caster_2] Checking history directory: /mnt/ssd/home/voptimaise-jetson-2/dev/electrosteel_pipe_detection_prod/var/caster_2/history
[2026-07-20 00:10:00] [caster_2] Cleaning yesterday's folder: 2026_07_19
[2026-07-20 00:10:00] [caster_2] Yesterday item not present: Shift_A_img
[2026-07-20 00:10:00] [caster_2] Yesterday item not present: Shift_A_text
[2026-07-20 00:10:01] [caster_2] Deleting 2026_07_19/Shift_B_img | Size: 19G
[2026-07-20 00:10:03] [caster_2] Deleted successfully: 2026_07_19/Shift_B_img
[2026-07-20 00:10:04] [caster_2] Deleting 2026_07_19/Shift_B_text | Size: 236M
[2026-07-20 00:10:06] [caster_2] Deleted successfully: 2026_07_19/Shift_B_text
[2026-07-20 00:10:06] [caster_2] No date folders older than yesterday found.
[2026-07-20 00:10:06] [caster_2] Summary: yesterday_items_deleted=, old_date_folders_deleted=0, failed=0, freed= bytes
[2026-07-20 00:10:06] [caster_3] Checking history directory: /mnt/ssd/home/voptimaise-jetson-2/dev/electrosteel_pipe_detection_prod/var/caster_3/history
[2026-07-20 00:10:06] [caster_3] Cleaning yesterday's folder: 2026_07_19
[2026-07-20 00:10:06] [caster_3] Yesterday item not present: Shift_A_img
[2026-07-20 00:10:06] [caster_3] Yesterday item not present: Shift_A_text
[2026-07-20 00:10:07] [caster_3] Deleting 2026_07_19/Shift_B_img | Size: 21G
[2026-07-20 00:10:09] [caster_3] Deleted successfully: 2026_07_19/Shift_B_img
[2026-07-20 00:10:10] [caster_3] Deleting 2026_07_19/Shift_B_text | Size: 224M
[2026-07-20 00:10:12] [caster_3] Deleted successfully: 2026_07_19/Shift_B_text
[2026-07-20 00:10:12] [caster_3] No date folders older than yesterday found.
[2026-07-20 00:10:12] [caster_3] Summary: yesterday_items_deleted=, old_date_folders_deleted=0, failed=0, freed= bytes
[2026-07-20 00:10:12] [caster_4] No history directory. Skipping.
[2026-07-20 00:10:12] [caster_5] No history directory. Skipping.
[2026-07-20 00:10:12] [caster_6] No history directory. Skipping.
[2026-07-20 00:10:12] [caster_7] No history directory. Skipping.
[2026-07-20 00:10:12] [caster_8] No history directory. Skipping.
[2026-07-20 00:10:12] Cleanup completed
[2026-07-20 00:10:12] Casters checked: 3
[2026-07-20 00:10:12] Yesterday Shift A/B items deleted: 
[2026-07-20 00:10:12] Old date folders deleted: 0
[2026-07-20 00:10:12] Failures: 0
[2026-07-20 00:10:12] Total space freed: 39GiB
[2026-07-20 00:10:12] Root filesystem usage:
Filesystem      Size  Used Avail Use% Mounted on
/dev/mmcblk0p1   56G   43G   11G  81% /
[2026-07-20 00:10:12] SSD filesystem usage:
Filesystem      Size  Used Avail Use% Mounted on
/dev/nvme0n1p1  440G  125G  293G  30% /mnt/ssd
[2026-07-20 00:10:12] ============================================================
[2026-07-21 00:10:00] ============================================================
[2026-07-21 00:10:00] Cleanup started
[2026-07-21 00:10:00] Today: 2026_07_21 / 2026-07-21
[2026-07-21 00:10:00] Yesterday: 2026_07_20 / 2026-07-20
[2026-07-21 00:10:00] History root: /mnt/ssd/home/voptimaise-jetson-2/dev/electrosteel_pipe_detection_prod/var
[2026-07-21 00:10:00] Yesterday cleanup: delete Shift A and Shift B; keep Shift C
[2026-07-21 00:10:00] Folders older than yesterday will be deleted completely
[2026-07-21 00:10:00] [caster_1] Checking history directory: /mnt/ssd/home/voptimaise-jetson-2/dev/electrosteel_pipe_detection_prod/var/caster_1/history
[2026-07-21 00:10:00] [caster_1] Yesterday's folder does not exist.
[2026-07-21 00:10:00] [caster_1] No date folders older than yesterday found.
[2026-07-21 00:10:00] [caster_1] Summary: yesterday_items_deleted=0, old_date_folders_deleted=0, failed=0, freed=0B
[2026-07-21 00:10:00] [caster_2] Checking history directory: /mnt/ssd/home/voptimaise-jetson-2/dev/electrosteel_pipe_detection_prod/var/caster_2/history
[2026-07-21 00:10:00] [caster_2] Cleaning yesterday's folder: 2026_07_20
[2026-07-21 00:10:00] [caster_2] Yesterday item not present: Shift_A_img
[2026-07-21 00:10:00] [caster_2] Yesterday item not present: Shift_A_text
[2026-07-21 00:10:01] [caster_2] Deleting 2026_07_20/Shift_B_img | Size: 19G
[2026-07-21 00:10:04] [caster_2] Deleted successfully: 2026_07_20/Shift_B_img
[2026-07-21 00:10:04] [caster_2] Deleting 2026_07_20/Shift_B_text | Size: 235M
[2026-07-21 00:10:06] [caster_2] Deleted successfully: 2026_07_20/Shift_B_text
[2026-07-21 00:10:06] [caster_2] No date folders older than yesterday found.
[2026-07-21 00:10:06] [caster_2] Summary: yesterday_items_deleted=, old_date_folders_deleted=0, failed=0, freed= bytes
[2026-07-21 00:10:06] [caster_3] Checking history directory: /mnt/ssd/home/voptimaise-jetson-2/dev/electrosteel_pipe_detection_prod/var/caster_3/history
[2026-07-21 00:10:06] [caster_3] Cleaning yesterday's folder: 2026_07_20
[2026-07-21 00:10:06] [caster_3] Yesterday item not present: Shift_A_img
[2026-07-21 00:10:06] [caster_3] Yesterday item not present: Shift_A_text
[2026-07-21 00:10:07] [caster_3] Deleting 2026_07_20/Shift_B_img | Size: 21G
[2026-07-21 00:10:09] [caster_3] Deleted successfully: 2026_07_20/Shift_B_img
[2026-07-21 00:10:10] [caster_3] Deleting 2026_07_20/Shift_B_text | Size: 230M
[2026-07-21 00:10:12] [caster_3] Deleted successfully: 2026_07_20/Shift_B_text
[2026-07-21 00:10:12] [caster_3] No date folders older than yesterday found.
[2026-07-21 00:10:12] [caster_3] Summary: yesterday_items_deleted=, old_date_folders_deleted=0, failed=0, freed= bytes
[2026-07-21 00:10:12] [caster_4] No history directory. Skipping.
[2026-07-21 00:10:12] [caster_5] No history directory. Skipping.
[2026-07-21 00:10:12] [caster_6] No history directory. Skipping.
[2026-07-21 00:10:12] [caster_7] No history directory. Skipping.
[2026-07-21 00:10:12] [caster_8] No history directory. Skipping.
[2026-07-21 00:10:12] Cleanup completed
[2026-07-21 00:10:12] Casters checked: 3
[2026-07-21 00:10:12] Yesterday Shift A/B items deleted: 
[2026-07-21 00:10:12] Old date folders deleted: 0
[2026-07-21 00:10:12] Failures: 0
[2026-07-21 00:10:12] Total space freed: 39GiB
[2026-07-21 00:10:12] Root filesystem usage:
Filesystem      Size  Used Avail Use% Mounted on
/dev/mmcblk0p1   56G   43G   11G  81% /
[2026-07-21 00:10:12] SSD filesystem usage:
Filesystem      Size  Used Avail Use% Mounted on
/dev/nvme0n1p1  440G  115G  303G  28% /mnt/ssd
[2026-07-21 00:10:12] ============================================================
[2026-07-22 00:10:01] ============================================================
[2026-07-22 00:10:01] Cleanup started
[2026-07-22 00:10:01] Today: 2026_07_22 / 2026-07-22
[2026-07-22 00:10:01] Yesterday: 2026_07_21 / 2026-07-21
[2026-07-22 00:10:01] History root: /mnt/ssd/home/voptimaise-jetson-2/dev/electrosteel_pipe_detection_prod/var
[2026-07-22 00:10:01] Yesterday cleanup: delete Shift A and Shift B; keep Shift C
[2026-07-22 00:10:01] Folders older than yesterday will be deleted completely
[2026-07-22 00:10:01] [caster_1] Checking history directory: /mnt/ssd/home/voptimaise-jetson-2/dev/electrosteel_pipe_detection_prod/var/caster_1/history
[2026-07-22 00:10:01] [caster_1] Yesterday's folder does not exist.
[2026-07-22 00:10:01] [caster_1] No date folders older than yesterday found.
[2026-07-22 00:10:01] [caster_1] Summary: yesterday_items_deleted=0, old_date_folders_deleted=0, failed=0, freed=0B
[2026-07-22 00:10:01] [caster_2] Checking history directory: /mnt/ssd/home/voptimaise-jetson-2/dev/electrosteel_pipe_detection_prod/var/caster_2/history
[2026-07-22 00:10:01] [caster_2] Cleaning yesterday's folder: 2026_07_21
[2026-07-22 00:10:02] [caster_2] Deleting 2026_07_21/Shift_A_img | Size: 19G
[2026-07-22 00:10:05] [caster_2] Deleted successfully: 2026_07_21/Shift_A_img
[2026-07-22 00:10:06] [caster_2] Deleting 2026_07_21/Shift_A_text | Size: 242M
[2026-07-22 00:10:08] [caster_2] Deleted successfully: 2026_07_21/Shift_A_text
[2026-07-22 00:10:08] [caster_2] Yesterday item not present: Shift_B_img
[2026-07-22 00:10:08] [caster_2] Yesterday item not present: Shift_B_text
[2026-07-22 00:10:08] [caster_2] No date folders older than yesterday found.
[2026-07-22 00:10:08] [caster_2] Summary: yesterday_items_deleted=, old_date_folders_deleted=0, failed=0, freed= bytes
[2026-07-22 00:10:08] [caster_3] Checking history directory: /mnt/ssd/home/voptimaise-jetson-2/dev/electrosteel_pipe_detection_prod/var/caster_3/history
[2026-07-22 00:10:08] [caster_3] Cleaning yesterday's folder: 2026_07_21
[2026-07-22 00:10:09] [caster_3] Deleting 2026_07_21/Shift_A_img | Size: 20G
[2026-07-22 00:10:11] [caster_3] Deleted successfully: 2026_07_21/Shift_A_img
[2026-07-22 00:10:12] [caster_3] Deleting 2026_07_21/Shift_A_text | Size: 218M
[2026-07-22 00:10:13] [caster_3] Deleted successfully: 2026_07_21/Shift_A_text
[2026-07-22 00:10:13] [caster_3] Yesterday item not present: Shift_B_img
[2026-07-22 00:10:13] [caster_3] Yesterday item not present: Shift_B_text
[2026-07-22 00:10:13] [caster_3] No date folders older than yesterday found.
[2026-07-22 00:10:13] [caster_3] Summary: yesterday_items_deleted=, old_date_folders_deleted=0, failed=0, freed= bytes
[2026-07-22 00:10:13] [caster_4] No history directory. Skipping.
[2026-07-22 00:10:13] [caster_5] No history directory. Skipping.
[2026-07-22 00:10:13] [caster_6] No history directory. Skipping.
[2026-07-22 00:10:13] [caster_7] No history directory. Skipping.
[2026-07-22 00:10:13] [caster_8] No history directory. Skipping.
[2026-07-22 00:10:13] Cleanup completed
[2026-07-22 00:10:13] Casters checked: 3
[2026-07-22 00:10:13] Yesterday Shift A/B items deleted: 
[2026-07-22 00:10:13] Old date folders deleted: 0
[2026-07-22 00:10:13] Failures: 0
[2026-07-22 00:10:13] Total space freed: 38GiB
[2026-07-22 00:10:13] Root filesystem usage:
Filesystem      Size  Used Avail Use% Mounted on
/dev/mmcblk0p1   56G   44G   11G  82% /
[2026-07-22 00:10:13] SSD filesystem usage:
Filesystem      Size  Used Avail Use% Mounted on
/dev/nvme0n1p1  440G  108G  310G  26% /mnt/ssd
[2026-07-22 00:10:13] ============================================================
[2026-07-23 00:10:00] ============================================================
[2026-07-23 00:10:00] Cleanup started
[2026-07-23 00:10:00] Today: 2026_07_23 / 2026-07-23
[2026-07-23 00:10:00] Yesterday: 2026_07_22 / 2026-07-22
[2026-07-23 00:10:00] History root: /mnt/ssd/home/voptimaise-jetson-2/dev/electrosteel_pipe_detection_prod/var
[2026-07-23 00:10:00] Yesterday cleanup: delete Shift A and Shift B; keep Shift C
[2026-07-23 00:10:00] Folders older than yesterday will be deleted completely
[2026-07-23 00:10:00] [caster_1] Checking history directory: /mnt/ssd/home/voptimaise-jetson-2/dev/electrosteel_pipe_detection_prod/var/caster_1/history
[2026-07-23 00:10:00] [caster_1] Yesterday's folder does not exist.
[2026-07-23 00:10:00] [caster_1] No date folders older than yesterday found.
[2026-07-23 00:10:00] [caster_1] Summary: yesterday_items_deleted=0, old_date_folders_deleted=0, failed=0, freed=0B
[2026-07-23 00:10:00] [caster_2] Checking history directory: /mnt/ssd/home/voptimaise-jetson-2/dev/electrosteel_pipe_detection_prod/var/caster_2/history
[2026-07-23 00:10:00] [caster_2] Cleaning yesterday's folder: 2026_07_22
[2026-07-23 00:10:00] [caster_2] Yesterday item not present: Shift_A_img
[2026-07-23 00:10:00] [caster_2] Yesterday item not present: Shift_A_text
[2026-07-23 00:10:00] [caster_2] Yesterday item not present: Shift_B_img
[2026-07-23 00:10:00] [caster_2] Yesterday item not present: Shift_B_text
[2026-07-23 00:10:00] [caster_2] No date folders older than yesterday found.
[2026-07-23 00:10:00] [caster_2] Summary: yesterday_items_deleted=0, old_date_folders_deleted=0, failed=0, freed=0B
[2026-07-23 00:10:00] [caster_3] Checking history directory: /mnt/ssd/home/voptimaise-jetson-2/dev/electrosteel_pipe_detection_prod/var/caster_3/history
[2026-07-23 00:10:00] [caster_3] Cleaning yesterday's folder: 2026_07_22
[2026-07-23 00:10:00] [caster_3] Yesterday item not present: Shift_A_img
[2026-07-23 00:10:00] [caster_3] Yesterday item not present: Shift_A_text
[2026-07-23 00:10:00] [caster_3] Yesterday item not present: Shift_B_img
[2026-07-23 00:10:00] [caster_3] Yesterday item not present: Shift_B_text
[2026-07-23 00:10:00] [caster_3] No date folders older than yesterday found.
[2026-07-23 00:10:00] [caster_3] Summary: yesterday_items_deleted=0, old_date_folders_deleted=0, failed=0, freed=0B
[2026-07-23 00:10:00] [caster_4] No history directory. Skipping.
[2026-07-23 00:10:00] [caster_5] No history directory. Skipping.
[2026-07-23 00:10:00] [caster_6] No history directory. Skipping.
[2026-07-23 00:10:00] [caster_7] No history directory. Skipping.
[2026-07-23 00:10:00] [caster_8] No history directory. Skipping.
[2026-07-23 00:10:00] Cleanup completed
[2026-07-23 00:10:00] Casters checked: 3
[2026-07-23 00:10:00] Yesterday Shift A/B items deleted: 0
[2026-07-23 00:10:00] Old date folders deleted: 0
[2026-07-23 00:10:00] Failures: 0
[2026-07-23 00:10:00] Total space freed: 0B
[2026-07-23 00:10:00] Root filesystem usage:
Filesystem      Size  Used Avail Use% Mounted on
/dev/mmcblk0p1   56G   44G   10G  82% /
[2026-07-23 00:10:00] SSD filesystem usage:
Filesystem      Size  Used Avail Use% Mounted on
/dev/nvme0n1p1  440G  105G  313G  26% /mnt/ssd
[2026-07-23 00:10:00] ============================================================
[2026-07-24 00:10:01] ============================================================
[2026-07-24 00:10:01] Cleanup started
[2026-07-24 00:10:01] Today: 2026_07_24 / 2026-07-24
[2026-07-24 00:10:01] Yesterday: 2026_07_23 / 2026-07-23
[2026-07-24 00:10:01] History root: /mnt/ssd/home/voptimaise-jetson-2/dev/electrosteel_pipe_detection_prod/var
[2026-07-24 00:10:01] Yesterday cleanup: delete Shift A and Shift B; keep Shift C
[2026-07-24 00:10:01] Folders older than yesterday will be deleted completely
[2026-07-24 00:10:01] [caster_1] Checking history directory: /mnt/ssd/home/voptimaise-jetson-2/dev/electrosteel_pipe_detection_prod/var/caster_1/history
[2026-07-24 00:10:01] [caster_1] Yesterday's folder does not exist.
[2026-07-24 00:10:01] [caster_1] No date folders older than yesterday found.
[2026-07-24 00:10:01] [caster_1] Summary: yesterday_items_deleted=0, old_date_folders_deleted=0, failed=0, freed=0B
[2026-07-24 00:10:01] [caster_2] Checking history directory: /mnt/ssd/home/voptimaise-jetson-2/dev/electrosteel_pipe_detection_prod/var/caster_2/history
[2026-07-24 00:10:01] [caster_2] Cleaning yesterday's folder: 2026_07_23
[2026-07-24 00:10:01] [caster_2] Yesterday item not present: Shift_A_img
[2026-07-24 00:10:01] [caster_2] Yesterday item not present: Shift_A_text
[2026-07-24 00:10:01] [caster_2] Yesterday item not present: Shift_B_img
[2026-07-24 00:10:01] [caster_2] Yesterday item not present: Shift_B_text
[2026-07-24 00:10:01] [caster_2] No date folders older than yesterday found.
[2026-07-24 00:10:01] [caster_2] Summary: yesterday_items_deleted=0, old_date_folders_deleted=0, failed=0, freed=0B
[2026-07-24 00:10:01] [caster_3] Checking history directory: /mnt/ssd/home/voptimaise-jetson-2/dev/electrosteel_pipe_detection_prod/var/caster_3/history
[2026-07-24 00:10:01] [caster_3] Cleaning yesterday's folder: 2026_07_23
[2026-07-24 00:10:01] [caster_3] Yesterday item not present: Shift_A_img
[2026-07-24 00:10:01] [caster_3] Yesterday item not present: Shift_A_text
[2026-07-24 00:10:01] [caster_3] Yesterday item not present: Shift_B_img
[2026-07-24 00:10:01] [caster_3] Yesterday item not present: Shift_B_text
[2026-07-24 00:10:01] [caster_3] No date folders older than yesterday found.
[2026-07-24 00:10:01] [caster_3] Summary: yesterday_items_deleted=0, old_date_folders_deleted=0, failed=0, freed=0B
[2026-07-24 00:10:01] [caster_4] No history directory. Skipping.
[2026-07-24 00:10:02] [caster_5] No history directory. Skipping.
[2026-07-24 00:10:02] [caster_6] No history directory. Skipping.
[2026-07-24 00:10:02] [caster_7] No history directory. Skipping.
[2026-07-24 00:10:02] [caster_8] No history directory. Skipping.
[2026-07-24 00:10:02] Cleanup completed
[2026-07-24 00:10:02] Casters checked: 3
[2026-07-24 00:10:02] Yesterday Shift A/B items deleted: 0
[2026-07-24 00:10:02] Old date folders deleted: 0
[2026-07-24 00:10:02] Failures: 0
[2026-07-24 00:10:02] Total space freed: 0B
[2026-07-24 00:10:02] Root filesystem usage:
Filesystem      Size  Used Avail Use% Mounted on
/dev/mmcblk0p1   56G   44G  9.6G  83% /
[2026-07-24 00:10:02] SSD filesystem usage:
Filesystem      Size  Used Avail Use% Mounted on
/dev/nvme0n1p1  440G  103G  314G  25% /mnt/ssd
[2026-07-24 00:10:02] ============================================================
[2026-07-25 00:10:01] ============================================================
[2026-07-25 00:10:01] Cleanup started
[2026-07-25 00:10:01] Today: 2026_07_25 / 2026-07-25
[2026-07-25 00:10:01] Yesterday: 2026_07_24 / 2026-07-24
[2026-07-25 00:10:01] History root: /mnt/ssd/home/voptimaise-jetson-2/dev/electrosteel_pipe_detection_prod/var
[2026-07-25 00:10:01] Yesterday cleanup: delete Shift A and Shift B; keep Shift C
[2026-07-25 00:10:01] Folders older than yesterday will be deleted completely
[2026-07-25 00:10:01] [caster_1] Checking history directory: /mnt/ssd/home/voptimaise-jetson-2/dev/electrosteel_pipe_detection_prod/var/caster_1/history
[2026-07-25 00:10:01] [caster_1] Yesterday's folder does not exist.
[2026-07-25 00:10:01] [caster_1] No date folders older than yesterday found.
[2026-07-25 00:10:01] [caster_1] Summary: yesterday_items_deleted=0, old_date_folders_deleted=0, failed=0, freed=0B
[2026-07-25 00:10:01] [caster_2] Checking history directory: /mnt/ssd/home/voptimaise-jetson-2/dev/electrosteel_pipe_detection_prod/var/caster_2/history
[2026-07-25 00:10:01] [caster_2] Cleaning yesterday's folder: 2026_07_24
[2026-07-25 00:10:01] [caster_2] Yesterday item not present: Shift_A_img
[2026-07-25 00:10:01] [caster_2] Yesterday item not present: Shift_A_text
[2026-07-25 00:10:01] [caster_2] Yesterday item not present: Shift_B_img
[2026-07-25 00:10:01] [caster_2] Yesterday item not present: Shift_B_text
[2026-07-25 00:10:01] [caster_2] No date folders older than yesterday found.
[2026-07-25 00:10:01] [caster_2] Summary: yesterday_items_deleted=0, old_date_folders_deleted=0, failed=0, freed=0B
[2026-07-25 00:10:01] [caster_3] Checking history directory: /mnt/ssd/home/voptimaise-jetson-2/dev/electrosteel_pipe_detection_prod/var/caster_3/history
[2026-07-25 00:10:01] [caster_3] Cleaning yesterday's folder: 2026_07_24
[2026-07-25 00:10:01] [caster_3] Yesterday item not present: Shift_A_img
[2026-07-25 00:10:01] [caster_3] Yesterday item not present: Shift_A_text
[2026-07-25 00:10:01] [caster_3] Yesterday item not present: Shift_B_img
[2026-07-25 00:10:01] [caster_3] Yesterday item not present: Shift_B_text
[2026-07-25 00:10:01] [caster_3] No date folders older than yesterday found.
[2026-07-25 00:10:01] [caster_3] Summary: yesterday_items_deleted=0, old_date_folders_deleted=0, failed=0, freed=0B
[2026-07-25 00:10:01] [caster_4] No history directory. Skipping.
[2026-07-25 00:10:01] [caster_5] No history directory. Skipping.
[2026-07-25 00:10:01] [caster_6] No history directory. Skipping.
[2026-07-25 00:10:01] [caster_7] No history directory. Skipping.
[2026-07-25 00:10:01] [caster_8] No history directory. Skipping.
[2026-07-25 00:10:01] Cleanup completed
[2026-07-25 00:10:01] Casters checked: 3
[2026-07-25 00:10:01] Yesterday Shift A/B items deleted: 0
[2026-07-25 00:10:01] Old date folders deleted: 0
[2026-07-25 00:10:01] Failures: 0
[2026-07-25 00:10:01] Total space freed: 0B
[2026-07-25 00:10:01] Root filesystem usage:
Filesystem      Size  Used Avail Use% Mounted on
/dev/mmcblk0p1   56G   44G  9.3G  83% /
[2026-07-25 00:10:01] SSD filesystem usage:
Filesystem      Size  Used Avail Use% Mounted on
/dev/nvme0n1p1  440G  108G  310G  26% /mnt/ssd
[2026-07-25 00:10:01] ============================================================
[2026-07-26 00:10:02] ============================================================
[2026-07-26 00:10:02] Cleanup started
[2026-07-26 00:10:02] Today: 2026_07_26 / 2026-07-26
[2026-07-26 00:10:02] Yesterday: 2026_07_25 / 2026-07-25
[2026-07-26 00:10:02] History root: /mnt/ssd/home/voptimaise-jetson-2/dev/electrosteel_pipe_detection_prod/var
[2026-07-26 00:10:02] Yesterday cleanup: delete Shift A and Shift B; keep Shift C
[2026-07-26 00:10:02] Folders older than yesterday will be deleted completely
[2026-07-26 00:10:02] [caster_1] Checking history directory: /mnt/ssd/home/voptimaise-jetson-2/dev/electrosteel_pipe_detection_prod/var/caster_1/history
[2026-07-26 00:10:02] [caster_1] Yesterday's folder does not exist.
[2026-07-26 00:10:02] [caster_1] No date folders older than yesterday found.
[2026-07-26 00:10:02] [caster_1] Summary: yesterday_items_deleted=0, old_date_folders_deleted=0, failed=0, freed=0B
[2026-07-26 00:10:02] [caster_2] Checking history directory: /mnt/ssd/home/voptimaise-jetson-2/dev/electrosteel_pipe_detection_prod/var/caster_2/history
[2026-07-26 00:10:02] [caster_2] Cleaning yesterday's folder: 2026_07_25
[2026-07-26 00:10:02] [caster_2] Yesterday item not present: Shift_A_img
[2026-07-26 00:10:02] [caster_2] Yesterday item not present: Shift_A_text
[2026-07-26 00:10:02] [caster_2] Yesterday item not present: Shift_B_img
[2026-07-26 00:10:02] [caster_2] Yesterday item not present: Shift_B_text
[2026-07-26 00:10:02] [caster_2] No date folders older than yesterday found.
[2026-07-26 00:10:02] [caster_2] Summary: yesterday_items_deleted=0, old_date_folders_deleted=0, failed=0, freed=0B
[2026-07-26 00:10:02] [caster_3] Checking history directory: /mnt/ssd/home/voptimaise-jetson-2/dev/electrosteel_pipe_detection_prod/var/caster_3/history
[2026-07-26 00:10:02] [caster_3] Cleaning yesterday's folder: 2026_07_25
[2026-07-26 00:10:02] [caster_3] Yesterday item not present: Shift_A_img
[2026-07-26 00:10:02] [caster_3] Yesterday item not present: Shift_A_text
[2026-07-26 00:10:02] [caster_3] Yesterday item not present: Shift_B_img
[2026-07-26 00:10:02] [caster_3] Yesterday item not present: Shift_B_text
[2026-07-26 00:10:02] [caster_3] No date folders older than yesterday found.
[2026-07-26 00:10:02] [caster_3] Summary: yesterday_items_deleted=0, old_date_folders_deleted=0, failed=0, freed=0B
[2026-07-26 00:10:02] [caster_4] No history directory. Skipping.
[2026-07-26 00:10:02] [caster_5] No history directory. Skipping.
[2026-07-26 00:10:02] [caster_6] No history directory. Skipping.
[2026-07-26 00:10:02] [caster_7] No history directory. Skipping.
[2026-07-26 00:10:02] [caster_8] No history directory. Skipping.
[2026-07-26 00:10:02] Cleanup completed
[2026-07-26 00:10:02] Casters checked: 3
[2026-07-26 00:10:02] Yesterday Shift A/B items deleted: 0
[2026-07-26 00:10:02] Old date folders deleted: 0
[2026-07-26 00:10:02] Failures: 0
[2026-07-26 00:10:02] Total space freed: 0B
[2026-07-26 00:10:02] Root filesystem usage:
Filesystem      Size  Used Avail Use% Mounted on
/dev/mmcblk0p1   56G   44G  9.9G  82% /
[2026-07-26 00:10:02] SSD filesystem usage:
Filesystem      Size  Used Avail Use% Mounted on
/dev/nvme0n1p1  440G  115G  303G  28% /mnt/ssd
[2026-07-26 00:10:02] ============================================================
[2026-07-27 00:10:00] ============================================================
[2026-07-27 00:10:00] Cleanup started
[2026-07-27 00:10:00] Today: 2026_07_27 / 2026-07-27
[2026-07-27 00:10:00] Yesterday: 2026_07_26 / 2026-07-26
[2026-07-27 00:10:00] History root: /mnt/ssd/home/voptimaise-jetson-2/dev/electrosteel_pipe_detection_prod/var
[2026-07-27 00:10:00] Yesterday cleanup: delete Shift A and Shift B; keep Shift C
[2026-07-27 00:10:00] Folders older than yesterday will be deleted completely
[2026-07-27 00:10:00] [caster_1] Checking history directory: /mnt/ssd/home/voptimaise-jetson-2/dev/electrosteel_pipe_detection_prod/var/caster_1/history
[2026-07-27 00:10:00] [caster_1] Yesterday's folder does not exist.
[2026-07-27 00:10:00] [caster_1] No date folders older than yesterday found.
[2026-07-27 00:10:01] [caster_1] Summary: yesterday_items_deleted=0, old_date_folders_deleted=0, failed=0, freed=0B
[2026-07-27 00:10:01] [caster_2] Checking history directory: /mnt/ssd/home/voptimaise-jetson-2/dev/electrosteel_pipe_detection_prod/var/caster_2/history
[2026-07-27 00:10:01] [caster_2] Cleaning yesterday's folder: 2026_07_26
[2026-07-27 00:10:01] [caster_2] Yesterday item not present: Shift_A_img
[2026-07-27 00:10:01] [caster_2] Yesterday item not present: Shift_A_text
[2026-07-27 00:10:01] [caster_2] Yesterday item not present: Shift_B_img
[2026-07-27 00:10:01] [caster_2] Yesterday item not present: Shift_B_text
[2026-07-27 00:10:01] [caster_2] No date folders older than yesterday found.
[2026-07-27 00:10:01] [caster_2] Summary: yesterday_items_deleted=0, old_date_folders_deleted=0, failed=0, freed=0B
[2026-07-27 00:10:01] [caster_3] Checking history directory: /mnt/ssd/home/voptimaise-jetson-2/dev/electrosteel_pipe_detection_prod/var/caster_3/history
[2026-07-27 00:10:01] [caster_3] Cleaning yesterday's folder: 2026_07_26
[2026-07-27 00:10:01] [caster_3] Yesterday item not present: Shift_A_img
[2026-07-27 00:10:01] [caster_3] Yesterday item not present: Shift_A_text
[2026-07-27 00:10:01] [caster_3] Yesterday item not present: Shift_B_img
[2026-07-27 00:10:01] [caster_3] Yesterday item not present: Shift_B_text
[2026-07-27 00:10:01] [caster_3] No date folders older than yesterday found.
[2026-07-27 00:10:01] [caster_3] Summary: yesterday_items_deleted=0, old_date_folders_deleted=0, failed=0, freed=0B
[2026-07-27 00:10:01] [caster_4] No history directory. Skipping.
[2026-07-27 00:10:01] [caster_5] No history directory. Skipping.
[2026-07-27 00:10:01] [caster_6] No history directory. Skipping.
[2026-07-27 00:10:01] [caster_7] No history directory. Skipping.
[2026-07-27 00:10:01] [caster_8] No history directory. Skipping.
[2026-07-27 00:10:01] Cleanup completed
[2026-07-27 00:10:01] Casters checked: 3
[2026-07-27 00:10:01] Yesterday Shift A/B items deleted: 0
[2026-07-27 00:10:01] Old date folders deleted: 0
[2026-07-27 00:10:01] Failures: 0
[2026-07-27 00:10:01] Total space freed: 0B
[2026-07-27 00:10:01] Root filesystem usage:
Filesystem      Size  Used Avail Use% Mounted on
/dev/mmcblk0p1   56G   44G  9.9G  82% /
[2026-07-27 00:10:01] SSD filesystem usage:
Filesystem      Size  Used Avail Use% Mounted on
/dev/nvme0n1p1  440G  122G  295G  30% /mnt/ssd
[2026-07-27 00:10:01] ============================================================
[2026-07-28 00:10:01] ============================================================
[2026-07-28 00:10:01] Cleanup started
[2026-07-28 00:10:01] Today: 2026_07_28 / 2026-07-28
[2026-07-28 00:10:01] Yesterday: 2026_07_27 / 2026-07-27
[2026-07-28 00:10:01] History root: /mnt/ssd/home/voptimaise-jetson-2/dev/electrosteel_pipe_detection_prod/var
[2026-07-28 00:10:01] Yesterday cleanup: delete Shift A and Shift B; keep Shift C
[2026-07-28 00:10:01] Folders older than yesterday will be deleted completely
[2026-07-28 00:10:01] [caster_1] Checking history directory: /mnt/ssd/home/voptimaise-jetson-2/dev/electrosteel_pipe_detection_prod/var/caster_1/history
[2026-07-28 00:10:01] [caster_1] Yesterday's folder does not exist.
[2026-07-28 00:10:01] [caster_1] No date folders older than yesterday found.
[2026-07-28 00:10:01] [caster_1] Summary: yesterday_items_deleted=0, old_date_folders_deleted=0, failed=0, freed=0B
[2026-07-28 00:10:01] [caster_2] Checking history directory: /mnt/ssd/home/voptimaise-jetson-2/dev/electrosteel_pipe_detection_prod/var/caster_2/history
[2026-07-28 00:10:01] [caster_2] Cleaning yesterday's folder: 2026_07_27
[2026-07-28 00:10:01] [caster_2] Yesterday item not present: Shift_A_img
[2026-07-28 00:10:01] [caster_2] Yesterday item not present: Shift_A_text
[2026-07-28 00:10:01] [caster_2] Yesterday item not present: Shift_B_img
[2026-07-28 00:10:01] [caster_2] Yesterday item not present: Shift_B_text
[2026-07-28 00:10:01] [caster_2] No date folders older than yesterday found.
[2026-07-28 00:10:01] [caster_2] Summary: yesterday_items_deleted=0, old_date_folders_deleted=0, failed=0, freed=0B
[2026-07-28 00:10:01] [caster_3] Checking history directory: /mnt/ssd/home/voptimaise-jetson-2/dev/electrosteel_pipe_detection_prod/var/caster_3/history
[2026-07-28 00:10:01] [caster_3] Cleaning yesterday's folder: 2026_07_27
[2026-07-28 00:10:01] [caster_3] Yesterday item not present: Shift_A_img
[2026-07-28 00:10:01] [caster_3] Yesterday item not present: Shift_A_text
[2026-07-28 00:10:01] [caster_3] Yesterday item not present: Shift_B_img
[2026-07-28 00:10:01] [caster_3] Yesterday item not present: Shift_B_text
[2026-07-28 00:10:01] [caster_3] No date folders older than yesterday found.
[2026-07-28 00:10:01] [caster_3] Summary: yesterday_items_deleted=0, old_date_folders_deleted=0, failed=0, freed=0B
[2026-07-28 00:10:01] [caster_4] No history directory. Skipping.
[2026-07-28 00:10:01] [caster_5] No history directory. Skipping.
[2026-07-28 00:10:01] [caster_6] No history directory. Skipping.
[2026-07-28 00:10:01] [caster_7] No history directory. Skipping.
[2026-07-28 00:10:01] [caster_8] No history directory. Skipping.
[2026-07-28 00:10:01] Cleanup completed
[2026-07-28 00:10:01] Casters checked: 3
[2026-07-28 00:10:01] Yesterday Shift A/B items deleted: 0
[2026-07-28 00:10:01] Old date folders deleted: 0
[2026-07-28 00:10:01] Failures: 0
[2026-07-28 00:10:01] Total space freed: 0B
[2026-07-28 00:10:01] Root filesystem usage:
Filesystem      Size  Used Avail Use% Mounted on
/dev/mmcblk0p1   56G   44G  9.9G  82% /
[2026-07-28 00:10:01] SSD filesystem usage:
Filesystem      Size  Used Avail Use% Mounted on
/dev/nvme0n1p1  440G  124G  293G  30% /mnt/ssd
[2026-07-28 00:10:01] ============================================================
[2026-07-29 00:10:00] ============================================================
[2026-07-29 00:10:00] Cleanup started
[2026-07-29 00:10:00] Today: 2026_07_29 / 2026-07-29
[2026-07-29 00:10:00] Yesterday: 2026_07_28 / 2026-07-28
[2026-07-29 00:10:00] History root: /mnt/ssd/home/voptimaise-jetson-2/dev/electrosteel_pipe_detection_prod/var
[2026-07-29 00:10:00] Yesterday cleanup: delete Shift A and Shift B; keep Shift C
[2026-07-29 00:10:00] Folders older than yesterday will be deleted completely
[2026-07-29 00:10:00] [caster_1] Checking history directory: /mnt/ssd/home/voptimaise-jetson-2/dev/electrosteel_pipe_detection_prod/var/caster_1/history
[2026-07-29 00:10:00] [caster_1] Yesterday's folder does not exist.
[2026-07-29 00:10:00] [caster_1] No date folders older than yesterday found.
[2026-07-29 00:10:00] [caster_1] Summary: yesterday_items_deleted=0, old_date_folders_deleted=0, failed=0, freed=0B
[2026-07-29 00:10:00] [caster_2] Checking history directory: /mnt/ssd/home/voptimaise-jetson-2/dev/electrosteel_pipe_detection_prod/var/caster_2/history
[2026-07-29 00:10:00] [caster_2] Cleaning yesterday's folder: 2026_07_28
[2026-07-29 00:10:00] [caster_2] Yesterday item not present: Shift_A_img
[2026-07-29 00:10:00] [caster_2] Yesterday item not present: Shift_A_text
[2026-07-29 00:10:00] [caster_2] Yesterday item not present: Shift_B_img
[2026-07-29 00:10:00] [caster_2] Yesterday item not present: Shift_B_text
[2026-07-29 00:10:00] [caster_2] No date folders older than yesterday found.
[2026-07-29 00:10:00] [caster_2] Summary: yesterday_items_deleted=0, old_date_folders_deleted=0, failed=0, freed=0B
[2026-07-29 00:10:00] [caster_3] Checking history directory: /mnt/ssd/home/voptimaise-jetson-2/dev/electrosteel_pipe_detection_prod/var/caster_3/history
[2026-07-29 00:10:00] [caster_3] Cleaning yesterday's folder: 2026_07_28
[2026-07-29 00:10:00] [caster_3] Yesterday item not present: Shift_A_img
[2026-07-29 00:10:00] [caster_3] Yesterday item not present: Shift_A_text
[2026-07-29 00:10:00] [caster_3] Yesterday item not present: Shift_B_img
[2026-07-29 00:10:00] [caster_3] Yesterday item not present: Shift_B_text
[2026-07-29 00:10:00] [caster_3] No date folders older than yesterday found.
[2026-07-29 00:10:00] [caster_3] Summary: yesterday_items_deleted=0, old_date_folders_deleted=0, failed=0, freed=0B
[2026-07-29 00:10:00] [caster_4] No history directory. Skipping.
[2026-07-29 00:10:00] [caster_5] No history directory. Skipping.
[2026-07-29 00:10:00] [caster_6] No history directory. Skipping.
[2026-07-29 00:10:00] [caster_7] No history directory. Skipping.
[2026-07-29 00:10:00] [caster_8] No history directory. Skipping.
[2026-07-29 00:10:00] Cleanup completed
[2026-07-29 00:10:00] Casters checked: 3
[2026-07-29 00:10:00] Yesterday Shift A/B items deleted: 0
[2026-07-29 00:10:00] Old date folders deleted: 0
[2026-07-29 00:10:00] Failures: 0
[2026-07-29 00:10:00] Total space freed: 0B
[2026-07-29 00:10:00] Root filesystem usage:
Filesystem      Size  Used Avail Use% Mounted on
/dev/mmcblk0p1   56G   44G  9.9G  82% /
[2026-07-29 00:10:00] SSD filesystem usage:
Filesystem      Size  Used Avail Use% Mounted on
/dev/nvme0n1p1  440G  125G  293G  30% /mnt/ssd
[2026-07-29 00:10:00] ============================================================
[2026-07-30 00:10:01] ============================================================
[2026-07-30 00:10:01] Cleanup started
[2026-07-30 00:10:01] Today: 2026_07_30 / 2026-07-30
[2026-07-30 00:10:01] Yesterday: 2026_07_29 / 2026-07-29
[2026-07-30 00:10:01] History root: /mnt/ssd/home/voptimaise-jetson-2/dev/electrosteel_pipe_detection_prod/var
[2026-07-30 00:10:01] Yesterday cleanup: delete Shift A and Shift B; keep Shift C
[2026-07-30 00:10:01] Folders older than yesterday will be deleted completely
[2026-07-30 00:10:01] [caster_1] Checking history directory: /mnt/ssd/home/voptimaise-jetson-2/dev/electrosteel_pipe_detection_prod/var/caster_1/history
[2026-07-30 00:10:01] [caster_1] Yesterday's folder does not exist.
[2026-07-30 00:10:01] [caster_1] No date folders older than yesterday found.
[2026-07-30 00:10:01] [caster_1] Summary: yesterday_items_deleted=0, old_date_folders_deleted=0, failed=0, freed=0B
[2026-07-30 00:10:01] [caster_2] Checking history directory: /mnt/ssd/home/voptimaise-jetson-2/dev/electrosteel_pipe_detection_prod/var/caster_2/history
[2026-07-30 00:10:01] [caster_2] Cleaning yesterday's folder: 2026_07_29
[2026-07-30 00:10:01] [caster_2] Yesterday item not present: Shift_A_img
[2026-07-30 00:10:01] [caster_2] Yesterday item not present: Shift_A_text
[2026-07-30 00:10:01] [caster_2] Yesterday item not present: Shift_B_img
[2026-07-30 00:10:01] [caster_2] Yesterday item not present: Shift_B_text
[2026-07-30 00:10:01] [caster_2] No date folders older than yesterday found.
[2026-07-30 00:10:01] [caster_2] Summary: yesterday_items_deleted=0, old_date_folders_deleted=0, failed=0, freed=0B
[2026-07-30 00:10:01] [caster_3] Checking history directory: /mnt/ssd/home/voptimaise-jetson-2/dev/electrosteel_pipe_detection_prod/var/caster_3/history
[2026-07-30 00:10:01] [caster_3] Cleaning yesterday's folder: 2026_07_29
[2026-07-30 00:10:01] [caster_3] Yesterday item not present: Shift_A_img
[2026-07-30 00:10:01] [caster_3] Yesterday item not present: Shift_A_text
[2026-07-30 00:10:01] [caster_3] Yesterday item not present: Shift_B_img
[2026-07-30 00:10:01] [caster_3] Yesterday item not present: Shift_B_text
[2026-07-30 00:10:01] [caster_3] No date folders older than yesterday found.
[2026-07-30 00:10:01] [caster_3] Summary: yesterday_items_deleted=0, old_date_folders_deleted=0, failed=0, freed=0B
[2026-07-30 00:10:01] [caster_4] No history directory. Skipping.
[2026-07-30 00:10:01] [caster_5] No history directory. Skipping.
[2026-07-30 00:10:01] [caster_6] No history directory. Skipping.
[2026-07-30 00:10:01] [caster_7] No history directory. Skipping.
[2026-07-30 00:10:01] [caster_8] No history directory. Skipping.
[2026-07-30 00:10:01] Cleanup completed
[2026-07-30 00:10:01] Casters checked: 3
[2026-07-30 00:10:01] Yesterday Shift A/B items deleted: 0
[2026-07-30 00:10:01] Old date folders deleted: 0
[2026-07-30 00:10:01] Failures: 0
[2026-07-30 00:10:01] Total space freed: 0B
[2026-07-30 00:10:01] Root filesystem usage:
Filesystem      Size  Used Avail Use% Mounted on
/dev/mmcblk0p1   56G   44G  9.9G  82% /
[2026-07-30 00:10:01] SSD filesystem usage:
Filesystem      Size  Used Avail Use% Mounted on
/dev/nvme0n1p1  440G  124G  294G  30% /mnt/ssd
[2026-07-30 00:10:01] ============================================================
[2026-07-31 00:10:01] ============================================================
[2026-07-31 00:10:01] Cleanup started
[2026-07-31 00:10:01] Today: 2026_07_31 / 2026-07-31
[2026-07-31 00:10:01] Yesterday: 2026_07_30 / 2026-07-30
[2026-07-31 00:10:01] History root: /mnt/ssd/home/voptimaise-jetson-2/dev/electrosteel_pipe_detection_prod/var
[2026-07-31 00:10:01] Yesterday cleanup: delete Shift A and Shift B; keep Shift C
[2026-07-31 00:10:01] Folders older than yesterday will be deleted completely
[2026-07-31 00:10:01] [caster_1] Checking history directory: /mnt/ssd/home/voptimaise-jetson-2/dev/electrosteel_pipe_detection_prod/var/caster_1/history
[2026-07-31 00:10:01] [caster_1] Yesterday's folder does not exist.
[2026-07-31 00:10:01] [caster_1] No date folders older than yesterday found.
[2026-07-31 00:10:01] [caster_1] Summary: yesterday_items_deleted=0, old_date_folders_deleted=0, failed=0, freed=0B
[2026-07-31 00:10:01] [caster_2] Checking history directory: /mnt/ssd/home/voptimaise-jetson-2/dev/electrosteel_pipe_detection_prod/var/caster_2/history
[2026-07-31 00:10:01] [caster_2] Cleaning yesterday's folder: 2026_07_30
[2026-07-31 00:10:01] [caster_2] Yesterday item not present: Shift_A_img
[2026-07-31 00:10:01] [caster_2] Yesterday item not present: Shift_A_text
[2026-07-31 00:10:01] [caster_2] Yesterday item not present: Shift_B_img
[2026-07-31 00:10:01] [caster_2] Yesterday item not present: Shift_B_text
[2026-07-31 00:10:01] [caster_2] No date folders older than yesterday found.
[2026-07-31 00:10:01] [caster_2] Summary: yesterday_items_deleted=0, old_date_folders_deleted=0, failed=0, freed=0B
[2026-07-31 00:10:01] [caster_3] Checking history directory: /mnt/ssd/home/voptimaise-jetson-2/dev/electrosteel_pipe_detection_prod/var/caster_3/history
[2026-07-31 00:10:01] [caster_3] Cleaning yesterday's folder: 2026_07_30
[2026-07-31 00:10:01] [caster_3] Yesterday item not present: Shift_A_img
[2026-07-31 00:10:01] [caster_3] Yesterday item not present: Shift_A_text
[2026-07-31 00:10:01] [caster_3] Yesterday item not present: Shift_B_img
[2026-07-31 00:10:01] [caster_3] Yesterday item not present: Shift_B_text
[2026-07-31 00:10:01] [caster_3] No date folders older than yesterday found.
[2026-07-31 00:10:01] [caster_3] Summary: yesterday_items_deleted=0, old_date_folders_deleted=0, failed=0, freed=0B
[2026-07-31 00:10:01] [caster_4] No history directory. Skipping.
[2026-07-31 00:10:01] [caster_5] No history directory. Skipping.
[2026-07-31 00:10:01] [caster_6] No history directory. Skipping.
[2026-07-31 00:10:01] [caster_7] No history directory. Skipping.
[2026-07-31 00:10:01] [caster_8] No history directory. Skipping.
[2026-07-31 00:10:01] Cleanup completed
[2026-07-31 00:10:01] Casters checked: 3
[2026-07-31 00:10:01] Yesterday Shift A/B items deleted: 0
[2026-07-31 00:10:01] Old date folders deleted: 0
[2026-07-31 00:10:01] Failures: 0
[2026-07-31 00:10:01] Total space freed: 0B
[2026-07-31 00:10:01] Root filesystem usage:
Filesystem      Size  Used Avail Use% Mounted on
/dev/mmcblk0p1   56G   44G  9.9G  82% /
[2026-07-31 00:10:01] SSD filesystem usage:
Filesystem      Size  Used Avail Use% Mounted on
/dev/nvme0n1p1  440G  122G  296G  30% /mnt/ssd
[2026-07-31 00:10:01] ============================================================
[2026-08-01 00:10:01] ============================================================
[2026-08-01 00:10:01] Cleanup started
[2026-08-01 00:10:01] Today: 2026_08_01 / 2026-08-01
[2026-08-01 00:10:01] Yesterday: 2026_07_31 / 2026-07-31
[2026-08-01 00:10:01] History root: /mnt/ssd/home/voptimaise-jetson-2/dev/electrosteel_pipe_detection_prod/var
[2026-08-01 00:10:01] Yesterday cleanup: delete Shift A and Shift B; keep Shift C
[2026-08-01 00:10:01] Folders older than yesterday will be deleted completely
[2026-08-01 00:10:01] [caster_1] Checking history directory: /mnt/ssd/home/voptimaise-jetson-2/dev/electrosteel_pipe_detection_prod/var/caster_1/history
[2026-08-01 00:10:01] [caster_1] Yesterday's folder does not exist.
[2026-08-01 00:10:01] [caster_1] No date folders older than yesterday found.
[2026-08-01 00:10:01] [caster_1] Summary: yesterday_items_deleted=0, old_date_folders_deleted=0, failed=0, freed=0B
[2026-08-01 00:10:01] [caster_2] Checking history directory: /mnt/ssd/home/voptimaise-jetson-2/dev/electrosteel_pipe_detection_prod/var/caster_2/history
[2026-08-01 00:10:01] [caster_2] Cleaning yesterday's folder: 2026_07_31
[2026-08-01 00:10:01] [caster_2] Yesterday item not present: Shift_A_img
[2026-08-01 00:10:01] [caster_2] Yesterday item not present: Shift_A_text
[2026-08-01 00:10:01] [caster_2] Yesterday item not present: Shift_B_img
[2026-08-01 00:10:01] [caster_2] Yesterday item not present: Shift_B_text
[2026-08-01 00:10:01] [caster_2] No date folders older than yesterday found.
[2026-08-01 00:10:01] [caster_2] Summary: yesterday_items_deleted=0, old_date_folders_deleted=0, failed=0, freed=0B
[2026-08-01 00:10:01] [caster_3] Checking history directory: /mnt/ssd/home/voptimaise-jetson-2/dev/electrosteel_pipe_detection_prod/var/caster_3/history
[2026-08-01 00:10:01] [caster_3] Cleaning yesterday's folder: 2026_07_31
[2026-08-01 00:10:01] [caster_3] Yesterday item not present: Shift_A_img
[2026-08-01 00:10:01] [caster_3] Yesterday item not present: Shift_A_text
[2026-08-01 00:10:01] [caster_3] Yesterday item not present: Shift_B_img
[2026-08-01 00:10:01] [caster_3] Yesterday item not present: Shift_B_text
[2026-08-01 00:10:01] [caster_3] No date folders older than yesterday found.
[2026-08-01 00:10:01] [caster_3] Summary: yesterday_items_deleted=0, old_date_folders_deleted=0, failed=0, freed=0B
[2026-08-01 00:10:01] [caster_4] No history directory. Skipping.
[2026-08-01 00:10:01] [caster_5] No history directory. Skipping.
[2026-08-01 00:10:01] [caster_6] No history directory. Skipping.
[2026-08-01 00:10:01] [caster_7] No history directory. Skipping.
[2026-08-01 00:10:01] [caster_8] No history directory. Skipping.
[2026-08-01 00:10:01] Cleanup completed
[2026-08-01 00:10:01] Casters checked: 3
[2026-08-01 00:10:01] Yesterday Shift A/B items deleted: 0
[2026-08-01 00:10:01] Old date folders deleted: 0
[2026-08-01 00:10:01] Failures: 0
[2026-08-01 00:10:01] Total space freed: 0B
[2026-08-01 00:10:01] Root filesystem usage:
Filesystem      Size  Used Avail Use% Mounted on
/dev/mmcblk0p1   56G   44G  9.8G  82% /
[2026-08-01 00:10:01] SSD filesystem usage:
Filesystem      Size  Used Avail Use% Mounted on
/dev/nvme0n1p1  440G  120G  297G  29% /mnt/ssd
[2026-08-01 00:10:01] ============================================================
[2026-08-02 00:10:00] ============================================================
[2026-08-02 00:10:00] Cleanup started
[2026-08-02 00:10:00] Today: 2026_08_02 / 2026-08-02
[2026-08-02 00:10:00] Yesterday: 2026_08_01 / 2026-08-01
[2026-08-02 00:10:00] History root: /mnt/ssd/home/voptimaise-jetson-2/dev/electrosteel_pipe_detection_prod/var
[2026-08-02 00:10:00] Yesterday cleanup: delete Shift A and Shift B; keep Shift C
[2026-08-02 00:10:00] Folders older than yesterday will be deleted completely
[2026-08-02 00:10:00] [caster_1] Checking history directory: /mnt/ssd/home/voptimaise-jetson-2/dev/electrosteel_pipe_detection_prod/var/caster_1/history
[2026-08-02 00:10:00] [caster_1] Yesterday's folder does not exist.
[2026-08-02 00:10:00] [caster_1] No date folders older than yesterday found.
[2026-08-02 00:10:00] [caster_1] Summary: yesterday_items_deleted=0, old_date_folders_deleted=0, failed=0, freed=0B
[2026-08-02 00:10:00] [caster_2] Checking history directory: /mnt/ssd/home/voptimaise-jetson-2/dev/electrosteel_pipe_detection_prod/var/caster_2/history
[2026-08-02 00:10:00] [caster_2] Cleaning yesterday's folder: 2026_08_01
[2026-08-02 00:10:00] [caster_2] Yesterday item not present: Shift_A_img
[2026-08-02 00:10:00] [caster_2] Yesterday item not present: Shift_A_text
[2026-08-02 00:10:00] [caster_2] Yesterday item not present: Shift_B_img
[2026-08-02 00:10:00] [caster_2] Yesterday item not present: Shift_B_text
[2026-08-02 00:10:00] [caster_2] No date folders older than yesterday found.
[2026-08-02 00:10:00] [caster_2] Summary: yesterday_items_deleted=0, old_date_folders_deleted=0, failed=0, freed=0B
[2026-08-02 00:10:00] [caster_3] Checking history directory: /mnt/ssd/home/voptimaise-jetson-2/dev/electrosteel_pipe_detection_prod/var/caster_3/history
[2026-08-02 00:10:00] [caster_3] Cleaning yesterday's folder: 2026_08_01
[2026-08-02 00:10:00] [caster_3] Yesterday item not present: Shift_A_img
[2026-08-02 00:10:00] [caster_3] Yesterday item not present: Shift_A_text
[2026-08-02 00:10:00] [caster_3] Yesterday item not present: Shift_B_img
[2026-08-02 00:10:00] [caster_3] Yesterday item not present: Shift_B_text
[2026-08-02 00:10:00] [caster_3] No date folders older than yesterday found.
[2026-08-02 00:10:00] [caster_3] Summary: yesterday_items_deleted=0, old_date_folders_deleted=0, failed=0, freed=0B
[2026-08-02 00:10:00] [caster_4] No history directory. Skipping.
[2026-08-02 00:10:00] [caster_5] No history directory. Skipping.
[2026-08-02 00:10:00] [caster_6] No history directory. Skipping.
[2026-08-02 00:10:00] [caster_7] No history directory. Skipping.
[2026-08-02 00:10:00] [caster_8] No history directory. Skipping.
[2026-08-02 00:10:00] Cleanup completed
[2026-08-02 00:10:00] Casters checked: 3
[2026-08-02 00:10:00] Yesterday Shift A/B items deleted: 0
[2026-08-02 00:10:00] Old date folders deleted: 0
[2026-08-02 00:10:00] Failures: 0
[2026-08-02 00:10:00] Total space freed: 0B
[2026-08-02 00:10:00] Root filesystem usage:
Filesystem      Size  Used Avail Use% Mounted on
/dev/mmcblk0p1   56G   44G  9.8G  82% /
[2026-08-02 00:10:00] SSD filesystem usage:
Filesystem      Size  Used Avail Use% Mounted on
/dev/nvme0n1p1  440G  118G  299G  29% /mnt/ssd
[2026-08-02 00:10:00] ============================================================
[2026-08-03 00:10:00] ============================================================
[2026-08-03 00:10:00] Cleanup started
[2026-08-03 00:10:00] Today: 2026_08_03 / 2026-08-03
[2026-08-03 00:10:00] Yesterday: 2026_08_02 / 2026-08-02
[2026-08-03 00:10:00] History root: /mnt/ssd/home/voptimaise-jetson-2/dev/electrosteel_pipe_detection_prod/var
[2026-08-03 00:10:00] Yesterday cleanup: delete Shift A and Shift B; keep Shift C
[2026-08-03 00:10:00] Folders older than yesterday will be deleted completely
[2026-08-03 00:10:00] [caster_1] Checking history directory: /mnt/ssd/home/voptimaise-jetson-2/dev/electrosteel_pipe_detection_prod/var/caster_1/history
[2026-08-03 00:10:00] [caster_1] Yesterday's folder does not exist.
[2026-08-03 00:10:00] [caster_1] No date folders older than yesterday found.
[2026-08-03 00:10:00] [caster_1] Summary: yesterday_items_deleted=0, old_date_folders_deleted=0, failed=0, freed=0B
[2026-08-03 00:10:00] [caster_2] Checking history directory: /mnt/ssd/home/voptimaise-jetson-2/dev/electrosteel_pipe_detection_prod/var/caster_2/history
[2026-08-03 00:10:00] [caster_2] Cleaning yesterday's folder: 2026_08_02
[2026-08-03 00:10:00] [caster_2] Yesterday item not present: Shift_A_img
[2026-08-03 00:10:00] [caster_2] Yesterday item not present: Shift_A_text
[2026-08-03 00:10:00] [caster_2] Yesterday item not present: Shift_B_img
[2026-08-03 00:10:00] [caster_2] Yesterday item not present: Shift_B_text
[2026-08-03 00:10:00] [caster_2] No date folders older than yesterday found.
[2026-08-03 00:10:00] [caster_2] Summary: yesterday_items_deleted=0, old_date_folders_deleted=0, failed=0, freed=0B
[2026-08-03 00:10:00] [caster_3] Checking history directory: /mnt/ssd/home/voptimaise-jetson-2/dev/electrosteel_pipe_detection_prod/var/caster_3/history
[2026-08-03 00:10:00] [caster_3] Cleaning yesterday's folder: 2026_08_02
[2026-08-03 00:10:00] [caster_3] Yesterday item not present: Shift_A_img
[2026-08-03 00:10:00] [caster_3] Yesterday item not present: Shift_A_text
[2026-08-03 00:10:00] [caster_3] Yesterday item not present: Shift_B_img
[2026-08-03 00:10:00] [caster_3] Yesterday item not present: Shift_B_text
[2026-08-03 00:10:00] [caster_3] No date folders older than yesterday found.
[2026-08-03 00:10:00] [caster_3] Summary: yesterday_items_deleted=0, old_date_folders_deleted=0, failed=0, freed=0B
[2026-08-03 00:10:00] [caster_4] No history directory. Skipping.
[2026-08-03 00:10:00] [caster_5] No history directory. Skipping.
[2026-08-03 00:10:00] [caster_6] No history directory. Skipping.
[2026-08-03 00:10:00] [caster_7] No history directory. Skipping.
[2026-08-03 00:10:00] [caster_8] No history directory. Skipping.
[2026-08-03 00:10:00] Cleanup completed
[2026-08-03 00:10:00] Casters checked: 3
[2026-08-03 00:10:00] Yesterday Shift A/B items deleted: 0
[2026-08-03 00:10:00] Old date folders deleted: 0
[2026-08-03 00:10:00] Failures: 0
[2026-08-03 00:10:00] Total space freed: 0B
[2026-08-03 00:10:00] Root filesystem usage:
Filesystem      Size  Used Avail Use% Mounted on
/dev/mmcblk0p1   56G   44G  9.7G  82% /
[2026-08-03 00:10:00] SSD filesystem usage:
Filesystem      Size  Used Avail Use% Mounted on
/dev/nvme0n1p1  440G  118G  300G  29% /mnt/ssd
[2026-08-03 00:10:00] ============================================================
[2026-08-04 00:10:00] ============================================================
[2026-08-04 00:10:00] Cleanup started
[2026-08-04 00:10:00] Today: 2026_08_04 / 2026-08-04
[2026-08-04 00:10:00] Yesterday: 2026_08_03 / 2026-08-03
[2026-08-04 00:10:00] History root: /mnt/ssd/home/voptimaise-jetson-2/dev/electrosteel_pipe_detection_prod/var
[2026-08-04 00:10:00] Yesterday cleanup: delete Shift A and Shift B; keep Shift C
[2026-08-04 00:10:00] Folders older than yesterday will be deleted completely
[2026-08-04 00:10:00] [caster_1] Checking history directory: /mnt/ssd/home/voptimaise-jetson-2/dev/electrosteel_pipe_detection_prod/var/caster_1/history
[2026-08-04 00:10:00] [caster_1] Yesterday's folder does not exist.
[2026-08-04 00:10:00] [caster_1] No date folders older than yesterday found.
[2026-08-04 00:10:00] [caster_1] Summary: yesterday_items_deleted=0, old_date_folders_deleted=0, failed=0, freed=0B
[2026-08-04 00:10:00] [caster_2] Checking history directory: /mnt/ssd/home/voptimaise-jetson-2/dev/electrosteel_pipe_detection_prod/var/caster_2/history
[2026-08-04 00:10:00] [caster_2] Cleaning yesterday's folder: 2026_08_03
[2026-08-04 00:10:00] [caster_2] Yesterday item not present: Shift_A_img
[2026-08-04 00:10:00] [caster_2] Yesterday item not present: Shift_A_text
[2026-08-04 00:10:00] [caster_2] Yesterday item not present: Shift_B_img
[2026-08-04 00:10:00] [caster_2] Yesterday item not present: Shift_B_text
[2026-08-04 00:10:00] [caster_2] No date folders older than yesterday found.
[2026-08-04 00:10:00] [caster_2] Summary: yesterday_items_deleted=0, old_date_folders_deleted=0, failed=0, freed=0B
[2026-08-04 00:10:00] [caster_3] Checking history directory: /mnt/ssd/home/voptimaise-jetson-2/dev/electrosteel_pipe_detection_prod/var/caster_3/history
[2026-08-04 00:10:00] [caster_3] Cleaning yesterday's folder: 2026_08_03
[2026-08-04 00:10:00] [caster_3] Yesterday item not present: Shift_A_img
[2026-08-04 00:10:00] [caster_3] Yesterday item not present: Shift_A_text
[2026-08-04 00:10:00] [caster_3] Yesterday item not present: Shift_B_img
[2026-08-04 00:10:00] [caster_3] Yesterday item not present: Shift_B_text
[2026-08-04 00:10:00] [caster_3] No date folders older than yesterday found.
[2026-08-04 00:10:00] [caster_3] Summary: yesterday_items_deleted=0, old_date_folders_deleted=0, failed=0, freed=0B
[2026-08-04 00:10:00] [caster_4] No history directory. Skipping.
[2026-08-04 00:10:00] [caster_5] No history directory. Skipping.
[2026-08-04 00:10:00] [caster_6] No history directory. Skipping.
[2026-08-04 00:10:00] [caster_7] No history directory. Skipping.
[2026-08-04 00:10:00] [caster_8] No history directory. Skipping.
[2026-08-04 00:10:00] Cleanup completed
[2026-08-04 00:10:00] Casters checked: 3
[2026-08-04 00:10:00] Yesterday Shift A/B items deleted: 0
[2026-08-04 00:10:00] Old date folders deleted: 0
[2026-08-04 00:10:00] Failures: 0
[2026-08-04 00:10:00] Total space freed: 0B
[2026-08-04 00:10:00] Root filesystem usage:
Filesystem      Size  Used Avail Use% Mounted on
/dev/mmcblk0p1   56G   44G  9.7G  82% /
[2026-08-04 00:10:00] SSD filesystem usage:
Filesystem      Size  Used Avail Use% Mounted on
/dev/nvme0n1p1  440G  118G  299G  29% /mnt/ssd
[2026-08-04 00:10:00] ============================================================
[2026-08-05 00:10:01] ============================================================
[2026-08-05 00:10:01] Cleanup started
[2026-08-05 00:10:01] Today: 2026_08_05 / 2026-08-05
[2026-08-05 00:10:01] Yesterday: 2026_08_04 / 2026-08-04
[2026-08-05 00:10:01] History root: /mnt/ssd/home/voptimaise-jetson-2/dev/electrosteel_pipe_detection_prod/var
[2026-08-05 00:10:01] Yesterday cleanup: delete Shift A and Shift B; keep Shift C
[2026-08-05 00:10:01] Folders older than yesterday will be deleted completely
[2026-08-05 00:10:01] [caster_1] Checking history directory: /mnt/ssd/home/voptimaise-jetson-2/dev/electrosteel_pipe_detection_prod/var/caster_1/history
[2026-08-05 00:10:01] [caster_1] Yesterday's folder does not exist.
[2026-08-05 00:10:01] [caster_1] No date folders older than yesterday found.
[2026-08-05 00:10:01] [caster_1] Summary: yesterday_items_deleted=0, old_date_folders_deleted=0, failed=0, freed=0B
[2026-08-05 00:10:01] [caster_2] Checking history directory: /mnt/ssd/home/voptimaise-jetson-2/dev/electrosteel_pipe_detection_prod/var/caster_2/history
[2026-08-05 00:10:01] [caster_2] Cleaning yesterday's folder: 2026_08_04
[2026-08-05 00:10:01] [caster_2] Yesterday item not present: Shift_A_img
[2026-08-05 00:10:01] [caster_2] Yesterday item not present: Shift_A_text
[2026-08-05 00:10:01] [caster_2] Yesterday item not present: Shift_B_img
[2026-08-05 00:10:01] [caster_2] Yesterday item not present: Shift_B_text
[2026-08-05 00:10:01] [caster_2] No date folders older than yesterday found.
[2026-08-05 00:10:01] [caster_2] Summary: yesterday_items_deleted=0, old_date_folders_deleted=0, failed=0, freed=0B
[2026-08-05 00:10:01] [caster_3] Checking history directory: /mnt/ssd/home/voptimaise-jetson-2/dev/electrosteel_pipe_detection_prod/var/caster_3/history
[2026-08-05 00:10:01] [caster_3] Cleaning yesterday's folder: 2026_08_04
[2026-08-05 00:10:01] [caster_3] Yesterday item not present: Shift_A_img
[2026-08-05 00:10:01] [caster_3] Yesterday item not present: Shift_A_text
[2026-08-05 00:10:01] [caster_3] Yesterday item not present: Shift_B_img
[2026-08-05 00:10:01] [caster_3] Yesterday item not present: Shift_B_text
[2026-08-05 00:10:01] [caster_3] No date folders older than yesterday found.
[2026-08-05 00:10:01] [caster_3] Summary: yesterday_items_deleted=0, old_date_folders_deleted=0, failed=0, freed=0B
[2026-08-05 00:10:01] [caster_4] No history directory. Skipping.
[2026-08-05 00:10:01] [caster_5] No history directory. Skipping.
[2026-08-05 00:10:01] [caster_6] No history directory. Skipping.
[2026-08-05 00:10:01] [caster_7] No history directory. Skipping.
[2026-08-05 00:10:01] [caster_8] No history directory. Skipping.
[2026-08-05 00:10:01] Cleanup completed
[2026-08-05 00:10:01] Casters checked: 3
[2026-08-05 00:10:01] Yesterday Shift A/B items deleted: 0
[2026-08-05 00:10:01] Old date folders deleted: 0
[2026-08-05 00:10:01] Failures: 0
[2026-08-05 00:10:01] Total space freed: 0B
[2026-08-05 00:10:01] Root filesystem usage:
Filesystem      Size  Used Avail Use% Mounted on
/dev/mmcblk0p1   56G   44G  9.6G  82% /
[2026-08-05 00:10:01] SSD filesystem usage:
Filesystem      Size  Used Avail Use% Mounted on
/dev/nvme0n1p1  440G  118G  300G  29% /mnt/ssd
[2026-08-05 00:10:01] ============================================================
[2026-08-06 00:10:01] ============================================================
[2026-08-06 00:10:01] Cleanup started
[2026-08-06 00:10:01] Today: 2026_08_06 / 2026-08-06
[2026-08-06 00:10:01] Yesterday: 2026_08_05 / 2026-08-05
[2026-08-06 00:10:01] History root: /mnt/ssd/home/voptimaise-jetson-2/dev/electrosteel_pipe_detection_prod/var
[2026-08-06 00:10:01] Yesterday cleanup: delete Shift A and Shift B; keep Shift C
[2026-08-06 00:10:01] Folders older than yesterday will be deleted completely
[2026-08-06 00:10:01] [caster_1] Checking history directory: /mnt/ssd/home/voptimaise-jetson-2/dev/electrosteel_pipe_detection_prod/var/caster_1/history
[2026-08-06 00:10:01] [caster_1] Yesterday's folder does not exist.
[2026-08-06 00:10:01] [caster_1] No date folders older than yesterday found.
[2026-08-06 00:10:01] [caster_1] Summary: yesterday_items_deleted=0, old_date_folders_deleted=0, failed=0, freed=0B
[2026-08-06 00:10:01] [caster_2] Checking history directory: /mnt/ssd/home/voptimaise-jetson-2/dev/electrosteel_pipe_detection_prod/var/caster_2/history
[2026-08-06 00:10:01] [caster_2] Cleaning yesterday's folder: 2026_08_05
[2026-08-06 00:10:01] [caster_2] Yesterday item not present: Shift_A_img
[2026-08-06 00:10:01] [caster_2] Yesterday item not present: Shift_A_text
[2026-08-06 00:10:01] [caster_2] Yesterday item not present: Shift_B_img
[2026-08-06 00:10:01] [caster_2] Yesterday item not present: Shift_B_text
[2026-08-06 00:10:01] [caster_2] No date folders older than yesterday found.
[2026-08-06 00:10:01] [caster_2] Summary: yesterday_items_deleted=0, old_date_folders_deleted=0, failed=0, freed=0B
[2026-08-06 00:10:01] [caster_3] Checking history directory: /mnt/ssd/home/voptimaise-jetson-2/dev/electrosteel_pipe_detection_prod/var/caster_3/history
[2026-08-06 00:10:01] [caster_3] Cleaning yesterday's folder: 2026_08_05
[2026-08-06 00:10:01] [caster_3] Yesterday item not present: Shift_A_img
[2026-08-06 00:10:01] [caster_3] Yesterday item not present: Shift_A_text
[2026-08-06 00:10:01] [caster_3] Yesterday item not present: Shift_B_img
[2026-08-06 00:10:01] [caster_3] Yesterday item not present: Shift_B_text
[2026-08-06 00:10:01] [caster_3] No date folders older than yesterday found.
[2026-08-06 00:10:01] [caster_3] Summary: yesterday_items_deleted=0, old_date_folders_deleted=0, failed=0, freed=0B
[2026-08-06 00:10:01] [caster_4] No history directory. Skipping.
[2026-08-06 00:10:01] [caster_5] No history directory. Skipping.
[2026-08-06 00:10:01] [caster_6] No history directory. Skipping.
[2026-08-06 00:10:01] [caster_7] No history directory. Skipping.
[2026-08-06 00:10:01] [caster_8] No history directory. Skipping.
[2026-08-06 00:10:01] Cleanup completed
[2026-08-06 00:10:01] Casters checked: 3
[2026-08-06 00:10:01] Yesterday Shift A/B items deleted: 0
[2026-08-06 00:10:01] Old date folders deleted: 0
[2026-08-06 00:10:01] Failures: 0
[2026-08-06 00:10:01] Total space freed: 0B
[2026-08-06 00:10:01] Root filesystem usage:
Filesystem      Size  Used Avail Use% Mounted on
/dev/mmcblk0p1   56G   44G  9.7G  82% /
[2026-08-06 00:10:01] SSD filesystem usage:
Filesystem      Size  Used Avail Use% Mounted on
/dev/nvme0n1p1  440G  118G  299G  29% /mnt/ssd
[2026-08-06 00:10:01] ============================================================
[2026-08-07 00:10:00] ============================================================
[2026-08-07 00:10:00] Cleanup started
[2026-08-07 00:10:00] Today: 2026_08_07 / 2026-08-07
[2026-08-07 00:10:00] Yesterday: 2026_08_06 / 2026-08-06
[2026-08-07 00:10:00] History root: /mnt/ssd/home/voptimaise-jetson-2/dev/electrosteel_pipe_detection_prod/var
[2026-08-07 00:10:00] Yesterday cleanup: delete Shift A and Shift B; keep Shift C
[2026-08-07 00:10:00] Folders older than yesterday will be deleted completely
[2026-08-07 00:10:00] [caster_1] Checking history directory: /mnt/ssd/home/voptimaise-jetson-2/dev/electrosteel_pipe_detection_prod/var/caster_1/history
[2026-08-07 00:10:00] [caster_1] Yesterday's folder does not exist.
[2026-08-07 00:10:00] [caster_1] No date folders older than yesterday found.
[2026-08-07 00:10:00] [caster_1] Summary: yesterday_items_deleted=0, old_date_folders_deleted=0, failed=0, freed=0B
[2026-08-07 00:10:00] [caster_2] Checking history directory: /mnt/ssd/home/voptimaise-jetson-2/dev/electrosteel_pipe_detection_prod/var/caster_2/history
[2026-08-07 00:10:00] [caster_2] Cleaning yesterday's folder: 2026_08_06
[2026-08-07 00:10:02] [caster_2] Deleting 2026_08_06/Shift_A_img | Size: 16G
[2026-08-07 00:10:04] [caster_2] Deleted successfully: 2026_08_06/Shift_A_img
[2026-08-07 00:10:05] [caster_2] Deleting 2026_08_06/Shift_A_text | Size: 235M
[2026-08-07 00:10:07] [caster_2] Deleted successfully: 2026_08_06/Shift_A_text
[2026-08-07 00:10:07] [caster_2] Yesterday item not present: Shift_B_img
[2026-08-07 00:10:07] [caster_2] Yesterday item not present: Shift_B_text
[2026-08-07 00:10:07] [caster_2] No date folders older than yesterday found.
[2026-08-07 00:10:07] [caster_2] Summary: yesterday_items_deleted=, old_date_folders_deleted=0, failed=0, freed= bytes
[2026-08-07 00:10:07] [caster_3] Checking history directory: /mnt/ssd/home/voptimaise-jetson-2/dev/electrosteel_pipe_detection_prod/var/caster_3/history
[2026-08-07 00:10:07] [caster_3] Cleaning yesterday's folder: 2026_08_06
[2026-08-07 00:10:08] [caster_3] Deleting 2026_08_06/Shift_A_img | Size: 17G
[2026-08-07 00:10:10] [caster_3] Deleted successfully: 2026_08_06/Shift_A_img
[2026-08-07 00:10:11] [caster_3] Deleting 2026_08_06/Shift_A_text | Size: 213M
[2026-08-07 00:10:13] [caster_3] Deleted successfully: 2026_08_06/Shift_A_text
[2026-08-07 00:10:13] [caster_3] Yesterday item not present: Shift_B_img
[2026-08-07 00:10:13] [caster_3] Yesterday item not present: Shift_B_text
[2026-08-07 00:10:13] [caster_3] No date folders older than yesterday found.
[2026-08-07 00:10:13] [caster_3] Summary: yesterday_items_deleted=, old_date_folders_deleted=0, failed=0, freed= bytes
[2026-08-07 00:10:13] [caster_4] No history directory. Skipping.
[2026-08-07 00:10:13] [caster_5] No history directory. Skipping.
[2026-08-07 00:10:13] [caster_6] No history directory. Skipping.
[2026-08-07 00:10:13] [caster_7] No history directory. Skipping.
[2026-08-07 00:10:13] [caster_8] No history directory. Skipping.
[2026-08-07 00:10:13] Cleanup completed
[2026-08-07 00:10:13] Casters checked: 3
[2026-08-07 00:10:13] Yesterday Shift A/B items deleted: 
[2026-08-07 00:10:13] Old date folders deleted: 0
[2026-08-07 00:10:13] Failures: 0
[2026-08-07 00:10:13] Total space freed: 33GiB
[2026-08-07 00:10:13] Root filesystem usage:
Filesystem      Size  Used Avail Use% Mounted on
/dev/mmcblk0p1   56G   44G  9.7G  82% /
[2026-08-07 00:10:13] SSD filesystem usage:
Filesystem      Size  Used Avail Use% Mounted on
/dev/nvme0n1p1  440G  139G  278G  34% /mnt/ssd
[2026-08-07 00:10:13] ============================================================
[2026-08-08 00:10:00] ============================================================
[2026-08-08 00:10:00] Cleanup started
[2026-08-08 00:10:00] Today: 2026_08_08 / 2026-08-08
[2026-08-08 00:10:00] Yesterday: 2026_08_07 / 2026-08-07
[2026-08-08 00:10:00] History root: /mnt/ssd/home/voptimaise-jetson-2/dev/electrosteel_pipe_detection_prod/var
[2026-08-08 00:10:00] Yesterday cleanup: delete Shift A and Shift B; keep Shift C
[2026-08-08 00:10:00] Folders older than yesterday will be deleted completely
[2026-08-08 00:10:00] [caster_1] Checking history directory: /mnt/ssd/home/voptimaise-jetson-2/dev/electrosteel_pipe_detection_prod/var/caster_1/history
[2026-08-08 00:10:00] [caster_1] Yesterday's folder does not exist.
[2026-08-08 00:10:00] [caster_1] No date folders older than yesterday found.
[2026-08-08 00:10:00] [caster_1] Summary: yesterday_items_deleted=0, old_date_folders_deleted=0, failed=0, freed=0B
[2026-08-08 00:10:00] [caster_2] Checking history directory: /mnt/ssd/home/voptimaise-jetson-2/dev/electrosteel_pipe_detection_prod/var/caster_2/history
[2026-08-08 00:10:00] [caster_2] Cleaning yesterday's folder: 2026_08_07
[2026-08-08 00:10:00] [caster_2] Yesterday item not present: Shift_A_img
[2026-08-08 00:10:00] [caster_2] Yesterday item not present: Shift_A_text
[2026-08-08 00:10:00] [caster_2] Yesterday item not present: Shift_B_img
[2026-08-08 00:10:00] [caster_2] Yesterday item not present: Shift_B_text
[2026-08-08 00:10:00] [caster_2] No date folders older than yesterday found.
[2026-08-08 00:10:00] [caster_2] Summary: yesterday_items_deleted=0, old_date_folders_deleted=0, failed=0, freed=0B
[2026-08-08 00:10:00] [caster_3] Checking history directory: /mnt/ssd/home/voptimaise-jetson-2/dev/electrosteel_pipe_detection_prod/var/caster_3/history
[2026-08-08 00:10:00] [caster_3] Cleaning yesterday's folder: 2026_08_07
[2026-08-08 00:10:00] [caster_3] Yesterday item not present: Shift_A_img
[2026-08-08 00:10:00] [caster_3] Yesterday item not present: Shift_A_text
[2026-08-08 00:10:01] [caster_3] Deleting 2026_08_07/Shift_B_img | Size: 30G
[2026-08-08 00:10:05] [caster_3] Deleted successfully: 2026_08_07/Shift_B_img
[2026-08-08 00:10:06] [caster_3] Deleting 2026_08_07/Shift_B_text | Size: 222M
[2026-08-08 00:10:07] [caster_3] Deleted successfully: 2026_08_07/Shift_B_text
[2026-08-08 00:10:07] [caster_3] No date folders older than yesterday found.
[2026-08-08 00:10:07] [caster_3] Summary: yesterday_items_deleted=, old_date_folders_deleted=0, failed=0, freed= bytes
[2026-08-08 00:10:07] [caster_4] No history directory. Skipping.
[2026-08-08 00:10:07] [caster_5] No history directory. Skipping.
[2026-08-08 00:10:07] [caster_6] No history directory. Skipping.
[2026-08-08 00:10:07] [caster_7] No history directory. Skipping.
[2026-08-08 00:10:07] [caster_8] No history directory. Skipping.
[2026-08-08 00:10:07] Cleanup completed
[2026-08-08 00:10:07] Casters checked: 3
[2026-08-08 00:10:07] Yesterday Shift A/B items deleted: 
[2026-08-08 00:10:07] Old date folders deleted: 0
[2026-08-08 00:10:07] Failures: 0
[2026-08-08 00:10:07] Total space freed: 30GiB
[2026-08-08 00:10:07] Root filesystem usage:
Filesystem      Size  Used Avail Use% Mounted on
/dev/mmcblk0p1   56G   44G  9.4G  83% /
[2026-08-08 00:10:08] SSD filesystem usage:
Filesystem      Size  Used Avail Use% Mounted on
/dev/nvme0n1p1  440G  144G  274G  35% /mnt/ssd
[2026-08-08 00:10:08] ============================================================
[2026-08-09 00:10:01] ============================================================
[2026-08-09 00:10:01] Cleanup started
[2026-08-09 00:10:01] Today: 2026_08_09 / 2026-08-09
[2026-08-09 00:10:01] Yesterday: 2026_08_08 / 2026-08-08
[2026-08-09 00:10:01] History root: /mnt/ssd/home/voptimaise-jetson-2/dev/electrosteel_pipe_detection_prod/var
[2026-08-09 00:10:01] Yesterday cleanup: delete Shift A and Shift B; keep Shift C
[2026-08-09 00:10:01] Folders older than yesterday will be deleted completely
[2026-08-09 00:10:01] [caster_1] Checking history directory: /mnt/ssd/home/voptimaise-jetson-2/dev/electrosteel_pipe_detection_prod/var/caster_1/history
[2026-08-09 00:10:01] [caster_1] Yesterday's folder does not exist.
[2026-08-09 00:10:01] [caster_1] No date folders older than yesterday found.
[2026-08-09 00:10:01] [caster_1] Summary: yesterday_items_deleted=0, old_date_folders_deleted=0, failed=0, freed=0B
[2026-08-09 00:10:01] [caster_2] Checking history directory: /mnt/ssd/home/voptimaise-jetson-2/dev/electrosteel_pipe_detection_prod/var/caster_2/history
[2026-08-09 00:10:01] [caster_2] Cleaning yesterday's folder: 2026_08_08
[2026-08-09 00:10:01] [caster_2] Yesterday item not present: Shift_A_img
[2026-08-09 00:10:01] [caster_2] Yesterday item not present: Shift_A_text
[2026-08-09 00:10:01] [caster_2] Yesterday item not present: Shift_B_img
[2026-08-09 00:10:01] [caster_2] Yesterday item not present: Shift_B_text
[2026-08-09 00:10:01] [caster_2] No date folders older than yesterday found.
[2026-08-09 00:10:01] [caster_2] Summary: yesterday_items_deleted=0, old_date_folders_deleted=0, failed=0, freed=0B
[2026-08-09 00:10:01] [caster_3] Checking history directory: /mnt/ssd/home/voptimaise-jetson-2/dev/electrosteel_pipe_detection_prod/var/caster_3/history
[2026-08-09 00:10:01] [caster_3] Cleaning yesterday's folder: 2026_08_08
[2026-08-09 00:10:01] [caster_3] Yesterday item not present: Shift_A_img
[2026-08-09 00:10:01] [caster_3] Yesterday item not present: Shift_A_text
[2026-08-09 00:10:01] [caster_3] Yesterday item not present: Shift_B_img
[2026-08-09 00:10:01] [caster_3] Yesterday item not present: Shift_B_text
[2026-08-09 00:10:01] [caster_3] No date folders older than yesterday found.
[2026-08-09 00:10:01] [caster_3] Summary: yesterday_items_deleted=0, old_date_folders_deleted=0, failed=0, freed=0B
[2026-08-09 00:10:01] [caster_4] No history directory. Skipping.
[2026-08-09 00:10:01] [caster_5] No history directory. Skipping.
[2026-08-09 00:10:01] [caster_6] No history directory. Skipping.
[2026-08-09 00:10:01] [caster_7] No history directory. Skipping.
[2026-08-09 00:10:01] [caster_8] No history directory. Skipping.
[2026-08-09 00:10:01] Cleanup completed
[2026-08-09 00:10:01] Casters checked: 3
[2026-08-09 00:10:01] Yesterday Shift A/B items deleted: 0
[2026-08-09 00:10:01] Old date folders deleted: 0
[2026-08-09 00:10:01] Failures: 0
[2026-08-09 00:10:01] Total space freed: 0B
[2026-08-09 00:10:01] Root filesystem usage:
Filesystem      Size  Used Avail Use% Mounted on
/dev/mmcblk0p1   56G   44G  9.7G  82% /
[2026-08-09 00:10:01] SSD filesystem usage:
Filesystem      Size  Used Avail Use% Mounted on
/dev/nvme0n1p1  440G  143G  275G  35% /mnt/ssd
[2026-08-09 00:10:01] ============================================================
[2026-08-10 00:10:00] ============================================================
[2026-08-10 00:10:00] Cleanup started
[2026-08-10 00:10:00] Today: 2026_08_10 / 2026-08-10
[2026-08-10 00:10:00] Yesterday: 2026_08_09 / 2026-08-09
[2026-08-10 00:10:00] History root: /mnt/ssd/home/voptimaise-jetson-2/dev/electrosteel_pipe_detection_prod/var
[2026-08-10 00:10:00] Yesterday cleanup: delete Shift A and Shift B; keep Shift C
[2026-08-10 00:10:00] Folders older than yesterday will be deleted completely
[2026-08-10 00:10:00] [caster_1] Checking history directory: /mnt/ssd/home/voptimaise-jetson-2/dev/electrosteel_pipe_detection_prod/var/caster_1/history
[2026-08-10 00:10:00] [caster_1] Yesterday's folder does not exist.
[2026-08-10 00:10:00] [caster_1] No date folders older than yesterday found.
[2026-08-10 00:10:00] [caster_1] Summary: yesterday_items_deleted=0, old_date_folders_deleted=0, failed=0, freed=0B
[2026-08-10 00:10:00] [caster_2] Checking history directory: /mnt/ssd/home/voptimaise-jetson-2/dev/electrosteel_pipe_detection_prod/var/caster_2/history
[2026-08-10 00:10:00] [caster_2] Cleaning yesterday's folder: 2026_08_09
[2026-08-10 00:10:00] [caster_2] Yesterday item not present: Shift_A_img
[2026-08-10 00:10:00] [caster_2] Yesterday item not present: Shift_A_text
[2026-08-10 00:10:00] [caster_2] Yesterday item not present: Shift_B_img
[2026-08-10 00:10:00] [caster_2] Yesterday item not present: Shift_B_text
[2026-08-10 00:10:00] [caster_2] No date folders older than yesterday found.
[2026-08-10 00:10:00] [caster_2] Summary: yesterday_items_deleted=0, old_date_folders_deleted=0, failed=0, freed=0B
[2026-08-10 00:10:00] [caster_3] Checking history directory: /mnt/ssd/home/voptimaise-jetson-2/dev/electrosteel_pipe_detection_prod/var/caster_3/history
[2026-08-10 00:10:00] [caster_3] Cleaning yesterday's folder: 2026_08_09
[2026-08-10 00:10:00] [caster_3] Yesterday item not present: Shift_A_img
[2026-08-10 00:10:00] [caster_3] Yesterday item not present: Shift_A_text
[2026-08-10 00:10:00] [caster_3] Yesterday item not present: Shift_B_img
[2026-08-10 00:10:00] [caster_3] Yesterday item not present: Shift_B_text
[2026-08-10 00:10:00] [caster_3] No date folders older than yesterday found.
[2026-08-10 00:10:00] [caster_3] Summary: yesterday_items_deleted=0, old_date_folders_deleted=0, failed=0, freed=0B
[2026-08-10 00:10:00] [caster_4] No history directory. Skipping.
[2026-08-10 00:10:00] [caster_5] No history directory. Skipping.
[2026-08-10 00:10:00] [caster_6] No history directory. Skipping.
[2026-08-10 00:10:00] [caster_7] No history directory. Skipping.
[2026-08-10 00:10:00] [caster_8] No history directory. Skipping.
[2026-08-10 00:10:00] Cleanup completed
[2026-08-10 00:10:00] Casters checked: 3
[2026-08-10 00:10:00] Yesterday Shift A/B items deleted: 0
[2026-08-10 00:10:00] Old date folders deleted: 0
[2026-08-10 00:10:00] Failures: 0
[2026-08-10 00:10:00] Total space freed: 0B
[2026-08-10 00:10:00] Root filesystem usage:
Filesystem      Size  Used Avail Use% Mounted on
/dev/mmcblk0p1   56G   44G  9.5G  83% /
[2026-08-10 00:10:00] SSD filesystem usage:
Filesystem      Size  Used Avail Use% Mounted on
/dev/nvme0n1p1  440G  141G  276G  34% /mnt/ssd
[2026-08-10 00:10:00] ============================================================
[2026-08-11 00:10:00] ============================================================
[2026-08-11 00:10:00] Cleanup started
[2026-08-11 00:10:00] Today: 2026_08_11 / 2026-08-11
[2026-08-11 00:10:00] Yesterday: 2026_08_10 / 2026-08-10
[2026-08-11 00:10:00] History root: /mnt/ssd/home/voptimaise-jetson-2/dev/electrosteel_pipe_detection_prod/var
[2026-08-11 00:10:00] Yesterday cleanup: delete Shift A and Shift B; keep Shift C
[2026-08-11 00:10:00] Folders older than yesterday will be deleted completely
[2026-08-11 00:10:00] [caster_1] Checking history directory: /mnt/ssd/home/voptimaise-jetson-2/dev/electrosteel_pipe_detection_prod/var/caster_1/history
[2026-08-11 00:10:00] [caster_1] Yesterday's folder does not exist.
[2026-08-11 00:10:00] [caster_1] No date folders older than yesterday found.
[2026-08-11 00:10:00] [caster_1] Summary: yesterday_items_deleted=0, old_date_folders_deleted=0, failed=0, freed=0B
[2026-08-11 00:10:00] [caster_2] Checking history directory: /mnt/ssd/home/voptimaise-jetson-2/dev/electrosteel_pipe_detection_prod/var/caster_2/history
[2026-08-11 00:10:00] [caster_2] Cleaning yesterday's folder: 2026_08_10
[2026-08-11 00:10:00] [caster_2] Yesterday item not present: Shift_A_img
[2026-08-11 00:10:00] [caster_2] Yesterday item not present: Shift_A_text
[2026-08-11 00:10:00] [caster_2] Yesterday item not present: Shift_B_img
[2026-08-11 00:10:00] [caster_2] Yesterday item not present: Shift_B_text
[2026-08-11 00:10:00] [caster_2] No date folders older than yesterday found.
[2026-08-11 00:10:00] [caster_2] Summary: yesterday_items_deleted=0, old_date_folders_deleted=0, failed=0, freed=0B
[2026-08-11 00:10:00] [caster_3] Checking history directory: /mnt/ssd/home/voptimaise-jetson-2/dev/electrosteel_pipe_detection_prod/var/caster_3/history
[2026-08-11 00:10:00] [caster_3] Cleaning yesterday's folder: 2026_08_10
[2026-08-11 00:10:00] [caster_3] Yesterday item not present: Shift_A_img
[2026-08-11 00:10:00] [caster_3] Yesterday item not present: Shift_A_text
[2026-08-11 00:10:00] [caster_3] Yesterday item not present: Shift_B_img
[2026-08-11 00:10:01] [caster_3] Yesterday item not present: Shift_B_text
[2026-08-11 00:10:01] [caster_3] No date folders older than yesterday found.
[2026-08-11 00:10:01] [caster_3] Summary: yesterday_items_deleted=0, old_date_folders_deleted=0, failed=0, freed=0B
[2026-08-11 00:10:01] [caster_4] No history directory. Skipping.
[2026-08-11 00:10:01] [caster_5] No history directory. Skipping.
[2026-08-11 00:10:01] [caster_6] No history directory. Skipping.
[2026-08-11 00:10:01] [caster_7] No history directory. Skipping.
[2026-08-11 00:10:01] [caster_8] No history directory. Skipping.
[2026-08-11 00:10:01] Cleanup completed
[2026-08-11 00:10:01] Casters checked: 3
[2026-08-11 00:10:01] Yesterday Shift A/B items deleted: 0
[2026-08-11 00:10:01] Old date folders deleted: 0
[2026-08-11 00:10:01] Failures: 0
[2026-08-11 00:10:01] Total space freed: 0B
[2026-08-11 00:10:01] Root filesystem usage:
Filesystem      Size  Used Avail Use% Mounted on
/dev/mmcblk0p1   56G   44G   10G  82% /
[2026-08-11 00:10:01] SSD filesystem usage:
Filesystem      Size  Used Avail Use% Mounted on
/dev/nvme0n1p1  440G  140G  278G  34% /mnt/ssd
[2026-08-11 00:10:01] ============================================================
[2026-08-12 00:10:00] ============================================================
[2026-08-12 00:10:00] Cleanup started
[2026-08-12 00:10:00] Today: 2026_08_12 / 2026-08-12
[2026-08-12 00:10:00] Yesterday: 2026_08_11 / 2026-08-11
[2026-08-12 00:10:00] History root: /mnt/ssd/home/voptimaise-jetson-2/dev/electrosteel_pipe_detection_prod/var
[2026-08-12 00:10:00] Yesterday cleanup: delete Shift A and Shift B; keep Shift C
[2026-08-12 00:10:00] Folders older than yesterday will be deleted completely
[2026-08-12 00:10:00] [caster_1] Checking history directory: /mnt/ssd/home/voptimaise-jetson-2/dev/electrosteel_pipe_detection_prod/var/caster_1/history
[2026-08-12 00:10:00] [caster_1] Yesterday's folder does not exist.
[2026-08-12 00:10:00] [caster_1] No date folders older than yesterday found.
[2026-08-12 00:10:00] [caster_1] Summary: yesterday_items_deleted=0, old_date_folders_deleted=0, failed=0, freed=0B
[2026-08-12 00:10:00] [caster_2] Checking history directory: /mnt/ssd/home/voptimaise-jetson-2/dev/electrosteel_pipe_detection_prod/var/caster_2/history
[2026-08-12 00:10:00] [caster_2] Cleaning yesterday's folder: 2026_08_11
[2026-08-12 00:10:00] [caster_2] Yesterday item not present: Shift_A_img
[2026-08-12 00:10:00] [caster_2] Yesterday item not present: Shift_A_text
[2026-08-12 00:10:00] [caster_2] Yesterday item not present: Shift_B_img
[2026-08-12 00:10:00] [caster_2] Yesterday item not present: Shift_B_text
[2026-08-12 00:10:00] [caster_2] No date folders older than yesterday found.
[2026-08-12 00:10:00] [caster_2] Summary: yesterday_items_deleted=0, old_date_folders_deleted=0, failed=0, freed=0B
[2026-08-12 00:10:00] [caster_3] Checking history directory: /mnt/ssd/home/voptimaise-jetson-2/dev/electrosteel_pipe_detection_prod/var/caster_3/history
[2026-08-12 00:10:00] [caster_3] Cleaning yesterday's folder: 2026_08_11
[2026-08-12 00:10:00] [caster_3] Yesterday item not present: Shift_A_img
[2026-08-12 00:10:00] [caster_3] Yesterday item not present: Shift_A_text
[2026-08-12 00:10:00] [caster_3] Yesterday item not present: Shift_B_img
[2026-08-12 00:10:00] [caster_3] Yesterday item not present: Shift_B_text
[2026-08-12 00:10:00] [caster_3] No date folders older than yesterday found.
[2026-08-12 00:10:00] [caster_3] Summary: yesterday_items_deleted=0, old_date_folders_deleted=0, failed=0, freed=0B
[2026-08-12 00:10:00] [caster_4] No history directory. Skipping.
[2026-08-12 00:10:00] [caster_5] No history directory. Skipping.
[2026-08-12 00:10:00] [caster_6] No history directory. Skipping.
[2026-08-12 00:10:00] [caster_7] No history directory. Skipping.
[2026-08-12 00:10:00] [caster_8] No history directory. Skipping.
[2026-08-12 00:10:00] Cleanup completed
[2026-08-12 00:10:00] Casters checked: 3
[2026-08-12 00:10:00] Yesterday Shift A/B items deleted: 0
[2026-08-12 00:10:00] Old date folders deleted: 0
[2026-08-12 00:10:00] Failures: 0
[2026-08-12 00:10:00] Total space freed: 0B
[2026-08-12 00:10:00] Root filesystem usage:
Filesystem      Size  Used Avail Use% Mounted on
/dev/mmcblk0p1   56G   44G  9.9G  82% /
[2026-08-12 00:10:00] SSD filesystem usage:
Filesystem      Size  Used Avail Use% Mounted on
/dev/nvme0n1p1  440G  128G  290G  31% /mnt/ssd
[2026-08-12 00:10:00] ============================================================
[2026-08-13 00:10:00] ============================================================
[2026-08-13 00:10:00] Cleanup started
[2026-08-13 00:10:00] Today: 2026_08_13 / 2026-08-13
[2026-08-13 00:10:00] Yesterday: 2026_08_12 / 2026-08-12
[2026-08-13 00:10:00] History root: /mnt/ssd/home/voptimaise-jetson-2/dev/electrosteel_pipe_detection_prod/var
[2026-08-13 00:10:00] Yesterday cleanup: delete Shift A and Shift B; keep Shift C
[2026-08-13 00:10:00] Folders older than yesterday will be deleted completely
[2026-08-13 00:10:00] [caster_1] Checking history directory: /mnt/ssd/home/voptimaise-jetson-2/dev/electrosteel_pipe_detection_prod/var/caster_1/history
[2026-08-13 00:10:00] [caster_1] Yesterday's folder does not exist.
[2026-08-13 00:10:00] [caster_1] No date folders older than yesterday found.
[2026-08-13 00:10:00] [caster_1] Summary: yesterday_items_deleted=0, old_date_folders_deleted=0, failed=0, freed=0B
[2026-08-13 00:10:00] [caster_2] Checking history directory: /mnt/ssd/home/voptimaise-jetson-2/dev/electrosteel_pipe_detection_prod/var/caster_2/history
[2026-08-13 00:10:00] [caster_2] Cleaning yesterday's folder: 2026_08_12
[2026-08-13 00:10:00] [caster_2] Yesterday item not present: Shift_A_img
[2026-08-13 00:10:00] [caster_2] Yesterday item not present: Shift_A_text
[2026-08-13 00:10:00] [caster_2] Yesterday item not present: Shift_B_img
[2026-08-13 00:10:00] [caster_2] Yesterday item not present: Shift_B_text
[2026-08-13 00:10:00] [caster_2] No date folders older than yesterday found.
[2026-08-13 00:10:00] [caster_2] Summary: yesterday_items_deleted=0, old_date_folders_deleted=0, failed=0, freed=0B
[2026-08-13 00:10:00] [caster_3] Checking history directory: /mnt/ssd/home/voptimaise-jetson-2/dev/electrosteel_pipe_detection_prod/var/caster_3/history
[2026-08-13 00:10:00] [caster_3] Cleaning yesterday's folder: 2026_08_12
[2026-08-13 00:10:00] [caster_3] Yesterday item not present: Shift_A_img
[2026-08-13 00:10:00] [caster_3] Yesterday item not present: Shift_A_text
[2026-08-13 00:10:00] [caster_3] Yesterday item not present: Shift_B_img
[2026-08-13 00:10:00] [caster_3] Yesterday item not present: Shift_B_text
[2026-08-13 00:10:00] [caster_3] No date folders older than yesterday found.
[2026-08-13 00:10:00] [caster_3] Summary: yesterday_items_deleted=0, old_date_folders_deleted=0, failed=0, freed=0B
[2026-08-13 00:10:00] [caster_4] No history directory. Skipping.
[2026-08-13 00:10:00] [caster_5] No history directory. Skipping.
[2026-08-13 00:10:00] [caster_6] No history directory. Skipping.
[2026-08-13 00:10:00] [caster_7] No history directory. Skipping.
[2026-08-13 00:10:00] [caster_8] No history directory. Skipping.
[2026-08-13 00:10:00] Cleanup completed
[2026-08-13 00:10:00] Casters checked: 3
[2026-08-13 00:10:00] Yesterday Shift A/B items deleted: 0
[2026-08-13 00:10:00] Old date folders deleted: 0
[2026-08-13 00:10:00] Failures: 0
[2026-08-13 00:10:00] Total space freed: 0B
[2026-08-13 00:10:00] Root filesystem usage:
Filesystem      Size  Used Avail Use% Mounted on
/dev/mmcblk0p1   56G   44G  9.7G  82% /
[2026-08-13 00:10:00] SSD filesystem usage:
Filesystem      Size  Used Avail Use% Mounted on
/dev/nvme0n1p1  440G  111G  306G  27% /mnt/ssd
[2026-08-13 00:10:00] ============================================================
[2026-08-14 00:10:01] ============================================================
[2026-08-14 00:10:01] Cleanup started
[2026-08-14 00:10:01] Today: 2026_08_14 / 2026-08-14
[2026-08-14 00:10:01] Yesterday: 2026_08_13 / 2026-08-13
[2026-08-14 00:10:01] History root: /mnt/ssd/home/voptimaise-jetson-2/dev/electrosteel_pipe_detection_prod/var
[2026-08-14 00:10:01] Yesterday cleanup: delete Shift A and Shift B; keep Shift C
[2026-08-14 00:10:01] Folders older than yesterday will be deleted completely
[2026-08-14 00:10:01] [caster_1] Checking history directory: /mnt/ssd/home/voptimaise-jetson-2/dev/electrosteel_pipe_detection_prod/var/caster_1/history
[2026-08-14 00:10:01] [caster_1] Yesterday's folder does not exist.
[2026-08-14 00:10:01] [caster_1] No date folders older than yesterday found.
[2026-08-14 00:10:01] [caster_1] Summary: yesterday_items_deleted=0, old_date_folders_deleted=0, failed=0, freed=0B
[2026-08-14 00:10:01] [caster_2] Checking history directory: /mnt/ssd/home/voptimaise-jetson-2/dev/electrosteel_pipe_detection_prod/var/caster_2/history
[2026-08-14 00:10:01] [caster_2] Cleaning yesterday's folder: 2026_08_13
[2026-08-14 00:10:01] [caster_2] Yesterday item not present: Shift_A_img
[2026-08-14 00:10:01] [caster_2] Yesterday item not present: Shift_A_text
[2026-08-14 00:10:01] [caster_2] Yesterday item not present: Shift_B_img
[2026-08-14 00:10:01] [caster_2] Yesterday item not present: Shift_B_text
[2026-08-14 00:10:01] [caster_2] No date folders older than yesterday found.
[2026-08-14 00:10:01] [caster_2] Summary: yesterday_items_deleted=0, old_date_folders_deleted=0, failed=0, freed=0B
[2026-08-14 00:10:01] [caster_3] Checking history directory: /mnt/ssd/home/voptimaise-jetson-2/dev/electrosteel_pipe_detection_prod/var/caster_3/history
[2026-08-14 00:10:01] [caster_3] Cleaning yesterday's folder: 2026_08_13
[2026-08-14 00:10:03] [caster_3] Deleting 2026_08_13/Shift_A_img | Size: 18G
[2026-08-14 00:10:05] [caster_3] Deleted successfully: 2026_08_13/Shift_A_img
[2026-08-14 00:10:06] [caster_3] Deleting 2026_08_13/Shift_A_text | Size: 221M
[2026-08-14 00:10:07] [caster_3] Deleted successfully: 2026_08_13/Shift_A_text
[2026-08-14 00:10:07] [caster_3] Yesterday item not present: Shift_B_img
[2026-08-14 00:10:07] [caster_3] Yesterday item not present: Shift_B_text
[2026-08-14 00:10:07] [caster_3] No date folders older than yesterday found.
[2026-08-14 00:10:07] [caster_3] Summary: yesterday_items_deleted=, old_date_folders_deleted=0, failed=0, freed= bytes
[2026-08-14 00:10:07] [caster_4] No history directory. Skipping.
[2026-08-14 00:10:07] [caster_5] No history directory. Skipping.
[2026-08-14 00:10:07] [caster_6] No history directory. Skipping.
[2026-08-14 00:10:07] [caster_7] No history directory. Skipping.
[2026-08-14 00:10:07] [caster_8] No history directory. Skipping.
[2026-08-14 00:10:07] Cleanup completed
[2026-08-14 00:10:07] Casters checked: 3
[2026-08-14 00:10:07] Yesterday Shift A/B items deleted: 
[2026-08-14 00:10:07] Old date folders deleted: 0
[2026-08-14 00:10:07] Failures: 0
[2026-08-14 00:10:07] Total space freed: 17GiB
[2026-08-14 00:10:07] Root filesystem usage:
Filesystem      Size  Used Avail Use% Mounted on
/dev/mmcblk0p1   56G   44G  9.5G  83% /
[2026-08-14 00:10:07] SSD filesystem usage:
Filesystem      Size  Used Avail Use% Mounted on
/dev/nvme0n1p1  440G  109G  309G  27% /mnt/ssd
[2026-08-14 00:10:07] ============================================================
[2026-08-15 00:10:00] ============================================================
[2026-08-15 00:10:00] Cleanup started
[2026-08-15 00:10:00] Today: 2026_08_15 / 2026-08-15
[2026-08-15 00:10:00] Yesterday: 2026_08_14 / 2026-08-14
[2026-08-15 00:10:00] History root: /mnt/ssd/home/voptimaise-jetson-2/dev/electrosteel_pipe_detection_prod/var
[2026-08-15 00:10:00] Yesterday cleanup: delete Shift A and Shift B; keep Shift C
[2026-08-15 00:10:00] Folders older than yesterday will be deleted completely
[2026-08-15 00:10:00] [caster_1] Checking history directory: /mnt/ssd/home/voptimaise-jetson-2/dev/electrosteel_pipe_detection_prod/var/caster_1/history
[2026-08-15 00:10:00] [caster_1] Yesterday's folder does not exist.
[2026-08-15 00:10:00] [caster_1] No date folders older than yesterday found.
[2026-08-15 00:10:00] [caster_1] Summary: yesterday_items_deleted=0, old_date_folders_deleted=0, failed=0, freed=0B
[2026-08-15 00:10:00] [caster_2] Checking history directory: /mnt/ssd/home/voptimaise-jetson-2/dev/electrosteel_pipe_detection_prod/var/caster_2/history
[2026-08-15 00:10:00] [caster_2] Cleaning yesterday's folder: 2026_08_14
[2026-08-15 00:10:00] [caster_2] Yesterday item not present: Shift_A_img
[2026-08-15 00:10:00] [caster_2] Yesterday item not present: Shift_A_text
[2026-08-15 00:10:00] [caster_2] Yesterday item not present: Shift_B_img
[2026-08-15 00:10:00] [caster_2] Yesterday item not present: Shift_B_text
[2026-08-15 00:10:00] [caster_2] No date folders older than yesterday found.
[2026-08-15 00:10:00] [caster_2] Summary: yesterday_items_deleted=0, old_date_folders_deleted=0, failed=0, freed=0B
[2026-08-15 00:10:00] [caster_3] Checking history directory: /mnt/ssd/home/voptimaise-jetson-2/dev/electrosteel_pipe_detection_prod/var/caster_3/history
[2026-08-15 00:10:00] [caster_3] Cleaning yesterday's folder: 2026_08_14
[2026-08-15 00:10:00] [caster_3] Yesterday item not present: Shift_A_img
[2026-08-15 00:10:00] [caster_3] Yesterday item not present: Shift_A_text
[2026-08-15 00:10:00] [caster_3] Yesterday item not present: Shift_B_img
[2026-08-15 00:10:00] [caster_3] Yesterday item not present: Shift_B_text
[2026-08-15 00:10:00] [caster_3] No date folders older than yesterday found.
[2026-08-15 00:10:00] [caster_3] Summary: yesterday_items_deleted=0, old_date_folders_deleted=0, failed=0, freed=0B
[2026-08-15 00:10:00] [caster_4] No history directory. Skipping.
[2026-08-15 00:10:00] [caster_5] No history directory. Skipping.
[2026-08-15 00:10:00] [caster_6] No history directory. Skipping.
[2026-08-15 00:10:00] [caster_7] No history directory. Skipping.
[2026-08-15 00:10:00] [caster_8] No history directory. Skipping.
[2026-08-15 00:10:00] Cleanup completed
[2026-08-15 00:10:00] Casters checked: 3
[2026-08-15 00:10:00] Yesterday Shift A/B items deleted: 0
[2026-08-15 00:10:00] Old date folders deleted: 0
[2026-08-15 00:10:00] Failures: 0
[2026-08-15 00:10:00] Total space freed: 0B
[2026-08-15 00:10:00] Root filesystem usage:
Filesystem      Size  Used Avail Use% Mounted on
/dev/mmcblk0p1   56G   44G  9.4G  83% /
[2026-08-15 00:10:00] SSD filesystem usage:
Filesystem      Size  Used Avail Use% Mounted on
/dev/nvme0n1p1  440G  125G  293G  30% /mnt/ssd
[2026-08-15 00:10:00] ============================================================
[2026-08-16 00:10:01] ============================================================
[2026-08-16 00:10:01] Cleanup started
[2026-08-16 00:10:01] Today: 2026_08_16 / 2026-08-16
[2026-08-16 00:10:01] Yesterday: 2026_08_15 / 2026-08-15
[2026-08-16 00:10:01] History root: /mnt/ssd/home/voptimaise-jetson-2/dev/electrosteel_pipe_detection_prod/var
[2026-08-16 00:10:01] Yesterday cleanup: delete Shift A and Shift B; keep Shift C
[2026-08-16 00:10:01] Folders older than yesterday will be deleted completely
[2026-08-16 00:10:01] [caster_1] Checking history directory: /mnt/ssd/home/voptimaise-jetson-2/dev/electrosteel_pipe_detection_prod/var/caster_1/history
[2026-08-16 00:10:01] [caster_1] Yesterday's folder does not exist.
[2026-08-16 00:10:01] [caster_1] No date folders older than yesterday found.
[2026-08-16 00:10:01] [caster_1] Summary: yesterday_items_deleted=0, old_date_folders_deleted=0, failed=0, freed=0B
[2026-08-16 00:10:01] [caster_2] Checking history directory: /mnt/ssd/home/voptimaise-jetson-2/dev/electrosteel_pipe_detection_prod/var/caster_2/history
[2026-08-16 00:10:01] [caster_2] Cleaning yesterday's folder: 2026_08_15
[2026-08-16 00:10:01] [caster_2] Yesterday item not present: Shift_A_img
[2026-08-16 00:10:02] [caster_2] Yesterday item not present: Shift_A_text
[2026-08-16 00:10:02] [caster_2] Yesterday item not present: Shift_B_img
[2026-08-16 00:10:02] [caster_2] Yesterday item not present: Shift_B_text
[2026-08-16 00:10:02] [caster_2] No date folders older than yesterday found.
[2026-08-16 00:10:02] [caster_2] Summary: yesterday_items_deleted=0, old_date_folders_deleted=0, failed=0, freed=0B
[2026-08-16 00:10:02] [caster_3] Checking history directory: /mnt/ssd/home/voptimaise-jetson-2/dev/electrosteel_pipe_detection_prod/var/caster_3/history
[2026-08-16 00:10:02] [caster_3] Cleaning yesterday's folder: 2026_08_15
[2026-08-16 00:10:02] [caster_3] Yesterday item not present: Shift_A_img
[2026-08-16 00:10:02] [caster_3] Yesterday item not present: Shift_A_text
[2026-08-16 00:10:02] [caster_3] Yesterday item not present: Shift_B_img
[2026-08-16 00:10:02] [caster_3] Yesterday item not present: Shift_B_text
[2026-08-16 00:10:02] [caster_3] No date folders older than yesterday found.
[2026-08-16 00:10:02] [caster_3] Summary: yesterday_items_deleted=0, old_date_folders_deleted=0, failed=0, freed=0B
[2026-08-16 00:10:02] [caster_4] No history directory. Skipping.
[2026-08-16 00:10:02] [caster_5] No history directory. Skipping.
[2026-08-16 00:10:02] [caster_6] No history directory. Skipping.
[2026-08-16 00:10:02] [caster_7] No history directory. Skipping.
[2026-08-16 00:10:02] [caster_8] No history directory. Skipping.
[2026-08-16 00:10:02] Cleanup completed
[2026-08-16 00:10:02] Casters checked: 3
[2026-08-16 00:10:02] Yesterday Shift A/B items deleted: 0
[2026-08-16 00:10:02] Old date folders deleted: 0
[2026-08-16 00:10:02] Failures: 0
[2026-08-16 00:10:02] Total space freed: 0B
[2026-08-16 00:10:02] Root filesystem usage:
Filesystem      Size  Used Avail Use% Mounted on
/dev/mmcblk0p1   56G   44G  9.3G  83% /
[2026-08-16 00:10:02] SSD filesystem usage:
Filesystem      Size  Used Avail Use% Mounted on
/dev/nvme0n1p1  440G  141G  277G  34% /mnt/ssd
[2026-08-16 00:10:02] ============================================================
[2026-08-17 00:10:03] ============================================================
[2026-08-17 00:10:03] Cleanup started
[2026-08-17 00:10:03] Today: 2026_08_17 / 2026-08-17
[2026-08-17 00:10:03] Yesterday: 2026_08_16 / 2026-08-16
[2026-08-17 00:10:03] History root: /mnt/ssd/home/voptimaise-jetson-2/dev/electrosteel_pipe_detection_prod/var
[2026-08-17 00:10:03] Yesterday cleanup: delete Shift A and Shift B; keep Shift C
[2026-08-17 00:10:03] Folders older than yesterday will be deleted completely
[2026-08-17 00:10:03] [caster_1] Checking history directory: /mnt/ssd/home/voptimaise-jetson-2/dev/electrosteel_pipe_detection_prod/var/caster_1/history
[2026-08-17 00:10:03] [caster_1] Yesterday's folder does not exist.
[2026-08-17 00:10:03] [caster_1] No date folders older than yesterday found.
[2026-08-17 00:10:03] [caster_1] Summary: yesterday_items_deleted=0, old_date_folders_deleted=0, failed=0, freed=0B
[2026-08-17 00:10:03] [caster_2] Checking history directory: /mnt/ssd/home/voptimaise-jetson-2/dev/electrosteel_pipe_detection_prod/var/caster_2/history
[2026-08-17 00:10:03] [caster_2] Cleaning yesterday's folder: 2026_08_16
[2026-08-17 00:10:03] [caster_2] Yesterday item not present: Shift_A_img
[2026-08-17 00:10:03] [caster_2] Yesterday item not present: Shift_A_text
[2026-08-17 00:10:03] [caster_2] Yesterday item not present: Shift_B_img
[2026-08-17 00:10:03] [caster_2] Yesterday item not present: Shift_B_text
[2026-08-17 00:10:03] [caster_2] No date folders older than yesterday found.
[2026-08-17 00:10:03] [caster_2] Summary: yesterday_items_deleted=0, old_date_folders_deleted=0, failed=0, freed=0B
[2026-08-17 00:10:03] [caster_3] Checking history directory: /mnt/ssd/home/voptimaise-jetson-2/dev/electrosteel_pipe_detection_prod/var/caster_3/history
[2026-08-17 00:10:03] [caster_3] Cleaning yesterday's folder: 2026_08_16
[2026-08-17 00:10:03] [caster_3] Yesterday item not present: Shift_A_img
[2026-08-17 00:10:03] [caster_3] Yesterday item not present: Shift_A_text
[2026-08-17 00:10:03] [caster_3] Yesterday item not present: Shift_B_img
[2026-08-17 00:10:03] [caster_3] Yesterday item not present: Shift_B_text
[2026-08-17 00:10:04] [caster_3] No date folders older than yesterday found.
[2026-08-17 00:10:04] [caster_3] Summary: yesterday_items_deleted=0, old_date_folders_deleted=0, failed=0, freed=0B
[2026-08-17 00:10:04] [caster_4] No history directory. Skipping.
[2026-08-17 00:10:04] [caster_5] No history directory. Skipping.
[2026-08-17 00:10:04] [caster_6] No history directory. Skipping.
[2026-08-17 00:10:04] [caster_7] No history directory. Skipping.
[2026-08-17 00:10:04] [caster_8] No history directory. Skipping.
[2026-08-17 00:10:04] Cleanup completed
[2026-08-17 00:10:04] Casters checked: 3
[2026-08-17 00:10:04] Yesterday Shift A/B items deleted: 0
[2026-08-17 00:10:04] Old date folders deleted: 0
[2026-08-17 00:10:04] Failures: 0
[2026-08-17 00:10:04] Total space freed: 0B
[2026-08-17 00:10:04] Root filesystem usage:
Filesystem      Size  Used Avail Use% Mounted on
/dev/mmcblk0p1   56G   45G  9.1G  83% /
[2026-08-17 00:10:04] SSD filesystem usage:
Filesystem      Size  Used Avail Use% Mounted on
/dev/nvme0n1p1  440G  141G  277G  34% /mnt/ssd
[2026-08-17 00:10:04] ============================================================
[2026-08-18 00:10:01] ============================================================
[2026-08-18 00:10:01] Cleanup started
[2026-08-18 00:10:01] Today: 2026_08_18 / 2026-08-18
[2026-08-18 00:10:01] Yesterday: 2026_08_17 / 2026-08-17
[2026-08-18 00:10:01] History root: /mnt/ssd/home/voptimaise-jetson-2/dev/electrosteel_pipe_detection_prod/var
[2026-08-18 00:10:01] Yesterday cleanup: delete Shift A and Shift B; keep Shift C
[2026-08-18 00:10:01] Folders older than yesterday will be deleted completely
[2026-08-18 00:10:01] [caster_1] Checking history directory: /mnt/ssd/home/voptimaise-jetson-2/dev/electrosteel_pipe_detection_prod/var/caster_1/history
[2026-08-18 00:10:01] [caster_1] Yesterday's folder does not exist.
[2026-08-18 00:10:01] [caster_1] No date folders older than yesterday found.
[2026-08-18 00:10:01] [caster_1] Summary: yesterday_items_deleted=0, old_date_folders_deleted=0, failed=0, freed=0B
[2026-08-18 00:10:01] [caster_2] Checking history directory: /mnt/ssd/home/voptimaise-jetson-2/dev/electrosteel_pipe_detection_prod/var/caster_2/history
[2026-08-18 00:10:01] [caster_2] Cleaning yesterday's folder: 2026_08_17
[2026-08-18 00:10:01] [caster_2] Yesterday item not present: Shift_A_img
[2026-08-18 00:10:01] [caster_2] Yesterday item not present: Shift_A_text
[2026-08-18 00:10:03] [caster_2] Deleting 2026_08_17/Shift_B_img | Size: 17G
[2026-08-18 00:10:05] [caster_2] Deleted successfully: 2026_08_17/Shift_B_img
[2026-08-18 00:10:06] [caster_2] Deleting 2026_08_17/Shift_B_text | Size: 245M
[2026-08-18 00:10:08] [caster_2] Deleted successfully: 2026_08_17/Shift_B_text
[2026-08-18 00:10:08] [caster_2] No date folders older than yesterday found.
[2026-08-18 00:10:08] [caster_2] Summary: yesterday_items_deleted=, old_date_folders_deleted=0, failed=0, freed= bytes
[2026-08-18 00:10:08] [caster_3] Checking history directory: /mnt/ssd/home/voptimaise-jetson-2/dev/electrosteel_pipe_detection_prod/var/caster_3/history
[2026-08-18 00:10:08] [caster_3] Cleaning yesterday's folder: 2026_08_17
[2026-08-18 00:10:08] [caster_3] Yesterday item not present: Shift_A_img
[2026-08-18 00:10:08] [caster_3] Yesterday item not present: Shift_A_text
[2026-08-18 00:10:09] [caster_3] Deleting 2026_08_17/Shift_B_img | Size: 18G
[2026-08-18 00:10:11] [caster_3] Deleted successfully: 2026_08_17/Shift_B_img
[2026-08-18 00:10:12] [caster_3] Deleting 2026_08_17/Shift_B_text | Size: 230M
[2026-08-18 00:10:14] [caster_3] Deleted successfully: 2026_08_17/Shift_B_text
[2026-08-18 00:10:14] [caster_3] No date folders older than yesterday found.
[2026-08-18 00:10:14] [caster_3] Summary: yesterday_items_deleted=, old_date_folders_deleted=0, failed=0, freed= bytes
[2026-08-18 00:10:14] [caster_4] No history directory. Skipping.
[2026-08-18 00:10:14] [caster_5] No history directory. Skipping.
[2026-08-18 00:10:14] [caster_6] No history directory. Skipping.
[2026-08-18 00:10:14] [caster_7] No history directory. Skipping.
[2026-08-18 00:10:14] [caster_8] No history directory. Skipping.
[2026-08-18 00:10:14] Cleanup completed
[2026-08-18 00:10:14] Casters checked: 3
[2026-08-18 00:10:14] Yesterday Shift A/B items deleted: 
[2026-08-18 00:10:14] Old date folders deleted: 0
[2026-08-18 00:10:14] Failures: 0
[2026-08-18 00:10:14] Total space freed: 34GiB
[2026-08-18 00:10:14] Root filesystem usage:
Filesystem      Size  Used Avail Use% Mounted on
/dev/mmcblk0p1   56G   45G  9.0G  84% /
[2026-08-18 00:10:14] SSD filesystem usage:
Filesystem      Size  Used Avail Use% Mounted on
/dev/nvme0n1p1  440G  137G  281G  33% /mnt/ssd
[2026-08-18 00:10:14] ============================================================
[2026-08-19 00:10:00] ============================================================
[2026-08-19 00:10:00] Cleanup started
[2026-08-19 00:10:00] Today: 2026_08_19 / 2026-08-19
[2026-08-19 00:10:00] Yesterday: 2026_08_18 / 2026-08-18
[2026-08-19 00:10:00] History root: /mnt/ssd/home/voptimaise-jetson-2/dev/electrosteel_pipe_detection_prod/var
[2026-08-19 00:10:00] Yesterday cleanup: delete Shift A and Shift B; keep Shift C
[2026-08-19 00:10:00] Folders older than yesterday will be deleted completely
[2026-08-19 00:10:00] [caster_1] Checking history directory: /mnt/ssd/home/voptimaise-jetson-2/dev/electrosteel_pipe_detection_prod/var/caster_1/history
[2026-08-19 00:10:00] [caster_1] Yesterday's folder does not exist.
[2026-08-19 00:10:00] [caster_1] No date folders older than yesterday found.
[2026-08-19 00:10:00] [caster_1] Summary: yesterday_items_deleted=0, old_date_folders_deleted=0, failed=0, freed=0B
[2026-08-19 00:10:00] [caster_2] Checking history directory: /mnt/ssd/home/voptimaise-jetson-2/dev/electrosteel_pipe_detection_prod/var/caster_2/history
[2026-08-19 00:10:00] [caster_2] Cleaning yesterday's folder: 2026_08_18
[2026-08-19 00:10:00] [caster_2] Yesterday item not present: Shift_A_img
[2026-08-19 00:10:00] [caster_2] Yesterday item not present: Shift_A_text
[2026-08-19 00:10:00] [caster_2] Yesterday item not present: Shift_B_img
[2026-08-19 00:10:00] [caster_2] Yesterday item not present: Shift_B_text
[2026-08-19 00:10:00] [caster_2] No date folders older than yesterday found.
[2026-08-19 00:10:00] [caster_2] Summary: yesterday_items_deleted=0, old_date_folders_deleted=0, failed=0, freed=0B
[2026-08-19 00:10:00] [caster_3] Checking history directory: /mnt/ssd/home/voptimaise-jetson-2/dev/electrosteel_pipe_detection_prod/var/caster_3/history
[2026-08-19 00:10:00] [caster_3] Cleaning yesterday's folder: 2026_08_18
[2026-08-19 00:10:00] [caster_3] Yesterday item not present: Shift_A_img
[2026-08-19 00:10:00] [caster_3] Yesterday item not present: Shift_A_text
[2026-08-19 00:10:00] [caster_3] Yesterday item not present: Shift_B_img
[2026-08-19 00:10:00] [caster_3] Yesterday item not present: Shift_B_text
[2026-08-19 00:10:00] [caster_3] No date folders older than yesterday found.
[2026-08-19 00:10:00] [caster_3] Summary: yesterday_items_deleted=0, old_date_folders_deleted=0, failed=0, freed=0B
[2026-08-19 00:10:00] [caster_4] No history directory. Skipping.
[2026-08-19 00:10:00] [caster_5] No history directory. Skipping.
[2026-08-19 00:10:00] [caster_6] No history directory. Skipping.
[2026-08-19 00:10:00] [caster_7] No history directory. Skipping.
[2026-08-19 00:10:00] [caster_8] No history directory. Skipping.
[2026-08-19 00:10:00] Cleanup completed
[2026-08-19 00:10:00] Casters checked: 3
[2026-08-19 00:10:00] Yesterday Shift A/B items deleted: 0
[2026-08-19 00:10:00] Old date folders deleted: 0
[2026-08-19 00:10:00] Failures: 0
[2026-08-19 00:10:00] Total space freed: 0B
[2026-08-19 00:10:00] Root filesystem usage:
Filesystem      Size  Used Avail Use% Mounted on
/dev/mmcblk0p1   56G   45G  8.7G  84% /
[2026-08-19 00:10:00] SSD filesystem usage:
Filesystem      Size  Used Avail Use% Mounted on
/dev/nvme0n1p1  440G  135G  283G  33% /mnt/ssd
[2026-08-19 00:10:00] ============================================================
[2026-08-20 00:10:00] ============================================================
[2026-08-20 00:10:00] Cleanup started
[2026-08-20 00:10:00] Today: 2026_08_20 / 2026-08-20
[2026-08-20 00:10:00] Yesterday: 2026_08_19 / 2026-08-19
[2026-08-20 00:10:00] History root: /mnt/ssd/home/voptimaise-jetson-2/dev/electrosteel_pipe_detection_prod/var
[2026-08-20 00:10:00] Yesterday cleanup: delete Shift A and Shift B; keep Shift C
[2026-08-20 00:10:00] Folders older than yesterday will be deleted completely
[2026-08-20 00:10:00] [caster_1] Checking history directory: /mnt/ssd/home/voptimaise-jetson-2/dev/electrosteel_pipe_detection_prod/var/caster_1/history
[2026-08-20 00:10:00] [caster_1] Yesterday's folder does not exist.
[2026-08-20 00:10:00] [caster_1] No date folders older than yesterday found.
[2026-08-20 00:10:00] [caster_1] Summary: yesterday_items_deleted=0, old_date_folders_deleted=0, failed=0, freed=0B
[2026-08-20 00:10:00] [caster_2] Checking history directory: /mnt/ssd/home/voptimaise-jetson-2/dev/electrosteel_pipe_detection_prod/var/caster_2/history
[2026-08-20 00:10:00] [caster_2] Cleaning yesterday's folder: 2026_08_19
[2026-08-20 00:10:00] [caster_2] Yesterday item not present: Shift_A_img
[2026-08-20 00:10:00] [caster_2] Yesterday item not present: Shift_A_text
[2026-08-20 00:10:00] [caster_2] Yesterday item not present: Shift_B_img
[2026-08-20 00:10:00] [caster_2] Yesterday item not present: Shift_B_text
[2026-08-20 00:10:00] [caster_2] No date folders older than yesterday found.
[2026-08-20 00:10:01] [caster_2] Summary: yesterday_items_deleted=0, old_date_folders_deleted=0, failed=0, freed=0B
[2026-08-20 00:10:01] [caster_3] Checking history directory: /mnt/ssd/home/voptimaise-jetson-2/dev/electrosteel_pipe_detection_prod/var/caster_3/history
[2026-08-20 00:10:01] [caster_3] Cleaning yesterday's folder: 2026_08_19
[2026-08-20 00:10:01] [caster_3] Yesterday item not present: Shift_A_img
[2026-08-20 00:10:01] [caster_3] Yesterday item not present: Shift_A_text
[2026-08-20 00:10:01] [caster_3] Yesterday item not present: Shift_B_img
[2026-08-20 00:10:01] [caster_3] Yesterday item not present: Shift_B_text
[2026-08-20 00:10:01] [caster_3] No date folders older than yesterday found.
[2026-08-20 00:10:01] [caster_3] Summary: yesterday_items_deleted=0, old_date_folders_deleted=0, failed=0, freed=0B
[2026-08-20 00:10:01] [caster_4] No history directory. Skipping.
[2026-08-20 00:10:01] [caster_5] No history directory. Skipping.
[2026-08-20 00:10:01] [caster_6] No history directory. Skipping.
[2026-08-20 00:10:01] [caster_7] No history directory. Skipping.
[2026-08-20 00:10:01] [caster_8] No history directory. Skipping.
[2026-08-20 00:10:01] Cleanup completed
[2026-08-20 00:10:01] Casters checked: 3
[2026-08-20 00:10:01] Yesterday Shift A/B items deleted: 0
[2026-08-20 00:10:01] Old date folders deleted: 0
[2026-08-20 00:10:01] Failures: 0
[2026-08-20 00:10:01] Total space freed: 0B
[2026-08-20 00:10:01] Root filesystem usage:
Filesystem      Size  Used Avail Use% Mounted on
/dev/mmcblk0p1   56G   45G  8.5G  85% /
[2026-08-20 00:10:01] SSD filesystem usage:
Filesystem      Size  Used Avail Use% Mounted on
/dev/nvme0n1p1  440G  134G  284G  33% /mnt/ssd
[2026-08-20 00:10:01] ============================================================
[2026-08-21 00:10:00] ============================================================
[2026-08-21 00:10:00] Cleanup started
[2026-08-21 00:10:00] Today: 2026_08_21 / 2026-08-21
[2026-08-21 00:10:00] Yesterday: 2026_08_20 / 2026-08-20
[2026-08-21 00:10:00] History root: /mnt/ssd/home/voptimaise-jetson-2/dev/electrosteel_pipe_detection_prod/var
[2026-08-21 00:10:00] Yesterday cleanup: delete Shift A and Shift B; keep Shift C
[2026-08-21 00:10:00] Folders older than yesterday will be deleted completely
[2026-08-21 00:10:00] [caster_1] Checking history directory: /mnt/ssd/home/voptimaise-jetson-2/dev/electrosteel_pipe_detection_prod/var/caster_1/history
[2026-08-21 00:10:00] [caster_1] Yesterday's folder does not exist.
[2026-08-21 00:10:00] [caster_1] No date folders older than yesterday found.
[2026-08-21 00:10:00] [caster_1] Summary: yesterday_items_deleted=0, old_date_folders_deleted=0, failed=0, freed=0B
[2026-08-21 00:10:01] [caster_2] Checking history directory: /mnt/ssd/home/voptimaise-jetson-2/dev/electrosteel_pipe_detection_prod/var/caster_2/history
[2026-08-21 00:10:01] [caster_2] Cleaning yesterday's folder: 2026_08_20
[2026-08-21 00:10:01] [caster_2] Yesterday item not present: Shift_A_img
[2026-08-21 00:10:01] [caster_2] Yesterday item not present: Shift_A_text
[2026-08-21 00:10:01] [caster_2] Yesterday item not present: Shift_B_img
[2026-08-21 00:10:01] [caster_2] Yesterday item not present: Shift_B_text
[2026-08-21 00:10:01] [caster_2] No date folders older than yesterday found.
[2026-08-21 00:10:01] [caster_2] Summary: yesterday_items_deleted=0, old_date_folders_deleted=0, failed=0, freed=0B
[2026-08-21 00:10:01] [caster_3] Checking history directory: /mnt/ssd/home/voptimaise-jetson-2/dev/electrosteel_pipe_detection_prod/var/caster_3/history
[2026-08-21 00:10:01] [caster_3] Cleaning yesterday's folder: 2026_08_20
[2026-08-21 00:10:01] [caster_3] Yesterday item not present: Shift_A_img
[2026-08-21 00:10:01] [caster_3] Yesterday item not present: Shift_A_text
[2026-08-21 00:10:01] [caster_3] Yesterday item not present: Shift_B_img
[2026-08-21 00:10:01] [caster_3] Yesterday item not present: Shift_B_text
[2026-08-21 00:10:01] [caster_3] No date folders older than yesterday found.
[2026-08-21 00:10:01] [caster_3] Summary: yesterday_items_deleted=0, old_date_folders_deleted=0, failed=0, freed=0B
[2026-08-21 00:10:01] [caster_4] No history directory. Skipping.
[2026-08-21 00:10:01] [caster_5] No history directory. Skipping.
[2026-08-21 00:10:01] [caster_6] No history directory. Skipping.
[2026-08-21 00:10:01] [caster_7] No history directory. Skipping.
[2026-08-21 00:10:01] [caster_8] No history directory. Skipping.
[2026-08-21 00:10:01] Cleanup completed
[2026-08-21 00:10:01] Casters checked: 3
[2026-08-21 00:10:01] Yesterday Shift A/B items deleted: 0
[2026-08-21 00:10:01] Old date folders deleted: 0
[2026-08-21 00:10:01] Failures: 0
[2026-08-21 00:10:01] Total space freed: 0B
[2026-08-21 00:10:01] Root filesystem usage:
Filesystem      Size  Used Avail Use% Mounted on
/dev/mmcblk0p1   56G   45G  8.1G  85% /
[2026-08-21 00:10:01] SSD filesystem usage:
Filesystem      Size  Used Avail Use% Mounted on
/dev/nvme0n1p1  440G  135G  283G  33% /mnt/ssd
[2026-08-21 00:10:01] ============================================================
[2026-08-22 00:10:00] ============================================================
[2026-08-22 00:10:00] Cleanup started
[2026-08-22 00:10:00] Today: 2026_08_22 / 2026-08-22
[2026-08-22 00:10:00] Yesterday: 2026_08_21 / 2026-08-21
[2026-08-22 00:10:00] History root: /mnt/ssd/home/voptimaise-jetson-2/dev/electrosteel_pipe_detection_prod/var
[2026-08-22 00:10:00] Yesterday cleanup: delete Shift A and Shift B; keep Shift C
[2026-08-22 00:10:00] Folders older than yesterday will be deleted completely
[2026-08-22 00:10:00] [caster_1] Checking history directory: /mnt/ssd/home/voptimaise-jetson-2/dev/electrosteel_pipe_detection_prod/var/caster_1/history
[2026-08-22 00:10:00] [caster_1] Yesterday's folder does not exist.
[2026-08-22 00:10:00] [caster_1] No date folders older than yesterday found.
[2026-08-22 00:10:01] [caster_1] Summary: yesterday_items_deleted=0, old_date_folders_deleted=0, failed=0, freed=0B
[2026-08-22 00:10:01] [caster_2] Checking history directory: /mnt/ssd/home/voptimaise-jetson-2/dev/electrosteel_pipe_detection_prod/var/caster_2/history
[2026-08-22 00:10:01] [caster_2] Cleaning yesterday's folder: 2026_08_21
[2026-08-22 00:10:01] [caster_2] Yesterday item not present: Shift_A_img
[2026-08-22 00:10:01] [caster_2] Yesterday item not present: Shift_A_text
[2026-08-22 00:10:01] [caster_2] Yesterday item not present: Shift_B_img
[2026-08-22 00:10:01] [caster_2] Yesterday item not present: Shift_B_text
[2026-08-22 00:10:01] [caster_2] No date folders older than yesterday found.
[2026-08-22 00:10:01] [caster_2] Summary: yesterday_items_deleted=0, old_date_folders_deleted=0, failed=0, freed=0B
[2026-08-22 00:10:01] [caster_3] Checking history directory: /mnt/ssd/home/voptimaise-jetson-2/dev/electrosteel_pipe_detection_prod/var/caster_3/history
[2026-08-22 00:10:01] [caster_3] Cleaning yesterday's folder: 2026_08_21
[2026-08-22 00:10:01] [caster_3] Yesterday item not present: Shift_A_img
[2026-08-22 00:10:01] [caster_3] Yesterday item not present: Shift_A_text
[2026-08-22 00:10:01] [caster_3] Yesterday item not present: Shift_B_img
[2026-08-22 00:10:01] [caster_3] Yesterday item not present: Shift_B_text
[2026-08-22 00:10:01] [caster_3] No date folders older than yesterday found.
[2026-08-22 00:10:01] [caster_3] Summary: yesterday_items_deleted=0, old_date_folders_deleted=0, failed=0, freed=0B
[2026-08-22 00:10:01] [caster_4] No history directory. Skipping.
[2026-08-22 00:10:01] [caster_5] No history directory. Skipping.
[2026-08-22 00:10:01] [caster_6] No history directory. Skipping.
[2026-08-22 00:10:01] [caster_7] No history directory. Skipping.
[2026-08-22 00:10:01] [caster_8] No history directory. Skipping.
[2026-08-22 00:10:01] Cleanup completed
[2026-08-22 00:10:01] Casters checked: 3
[2026-08-22 00:10:01] Yesterday Shift A/B items deleted: 0
[2026-08-22 00:10:01] Old date folders deleted: 0
[2026-08-22 00:10:01] Failures: 0
[2026-08-22 00:10:01] Total space freed: 0B
[2026-08-22 00:10:01] Root filesystem usage:
Filesystem      Size  Used Avail Use% Mounted on
/dev/mmcblk0p1   56G   45G  8.3G  85% /
[2026-08-22 00:10:01] SSD filesystem usage:
Filesystem      Size  Used Avail Use% Mounted on
/dev/nvme0n1p1  440G  134G  284G  32% /mnt/ssd
[2026-08-22 00:10:01] ============================================================
[2026-08-23 00:10:00] ============================================================
[2026-08-23 00:10:00] Cleanup started
[2026-08-23 00:10:00] Today: 2026_08_23 / 2026-08-23
[2026-08-23 00:10:00] Yesterday: 2026_08_22 / 2026-08-22
[2026-08-23 00:10:00] History root: /mnt/ssd/home/voptimaise-jetson-2/dev/electrosteel_pipe_detection_prod/var
[2026-08-23 00:10:00] Yesterday cleanup: delete Shift A and Shift B; keep Shift C
[2026-08-23 00:10:00] Folders older than yesterday will be deleted completely
[2026-08-23 00:10:00] [caster_1] Checking history directory: /mnt/ssd/home/voptimaise-jetson-2/dev/electrosteel_pipe_detection_prod/var/caster_1/history
[2026-08-23 00:10:00] [caster_1] Yesterday's folder does not exist.
[2026-08-23 00:10:00] [caster_1] No date folders older than yesterday found.
[2026-08-23 00:10:00] [caster_1] Summary: yesterday_items_deleted=0, old_date_folders_deleted=0, failed=0, freed=0B
[2026-08-23 00:10:00] [caster_2] Checking history directory: /mnt/ssd/home/voptimaise-jetson-2/dev/electrosteel_pipe_detection_prod/var/caster_2/history
[2026-08-23 00:10:00] [caster_2] Cleaning yesterday's folder: 2026_08_22
[2026-08-23 00:10:00] [caster_2] Yesterday item not present: Shift_A_img
[2026-08-23 00:10:00] [caster_2] Yesterday item not present: Shift_A_text
[2026-08-23 00:10:00] [caster_2] Yesterday item not present: Shift_B_img
[2026-08-23 00:10:00] [caster_2] Yesterday item not present: Shift_B_text
[2026-08-23 00:10:00] [caster_2] No date folders older than yesterday found.
[2026-08-23 00:10:00] [caster_2] Summary: yesterday_items_deleted=0, old_date_folders_deleted=0, failed=0, freed=0B
[2026-08-23 00:10:00] [caster_3] Checking history directory: /mnt/ssd/home/voptimaise-jetson-2/dev/electrosteel_pipe_detection_prod/var/caster_3/history
[2026-08-23 00:10:00] [caster_3] Cleaning yesterday's folder: 2026_08_22
[2026-08-23 00:10:00] [caster_3] Yesterday item not present: Shift_A_img
[2026-08-23 00:10:00] [caster_3] Yesterday item not present: Shift_A_text
[2026-08-23 00:10:00] [caster_3] Yesterday item not present: Shift_B_img
[2026-08-23 00:10:00] [caster_3] Yesterday item not present: Shift_B_text
[2026-08-23 00:10:00] [caster_3] No date folders older than yesterday found.
[2026-08-23 00:10:00] [caster_3] Summary: yesterday_items_deleted=0, old_date_folders_deleted=0, failed=0, freed=0B
[2026-08-23 00:10:00] [caster_4] No history directory. Skipping.
[2026-08-23 00:10:00] [caster_5] No history directory. Skipping.
[2026-08-23 00:10:00] [caster_6] No history directory. Skipping.
[2026-08-23 00:10:00] [caster_7] No history directory. Skipping.
[2026-08-23 00:10:00] [caster_8] No history directory. Skipping.
[2026-08-23 00:10:00] Cleanup completed
[2026-08-23 00:10:00] Casters checked: 3
[2026-08-23 00:10:00] Yesterday Shift A/B items deleted: 0
[2026-08-23 00:10:00] Old date folders deleted: 0
[2026-08-23 00:10:00] Failures: 0
[2026-08-23 00:10:00] Total space freed: 0B
[2026-08-23 00:10:00] Root filesystem usage:
Filesystem      Size  Used Avail Use% Mounted on
/dev/mmcblk0p1   56G   45G  8.2G  85% /
[2026-08-23 00:10:00] SSD filesystem usage:
Filesystem      Size  Used Avail Use% Mounted on
/dev/nvme0n1p1  440G  133G  285G  32% /mnt/ssd
[2026-08-23 00:10:00] ============================================================
[2026-08-24 00:10:00] ============================================================
[2026-08-24 00:10:00] Cleanup started
[2026-08-24 00:10:00] Today: 2026_08_24 / 2026-08-24
[2026-08-24 00:10:00] Yesterday: 2026_08_23 / 2026-08-23
[2026-08-24 00:10:00] History root: /mnt/ssd/home/voptimaise-jetson-2/dev/electrosteel_pipe_detection_prod/var
[2026-08-24 00:10:00] Yesterday cleanup: delete Shift A and Shift B; keep Shift C
[2026-08-24 00:10:00] Folders older than yesterday will be deleted completely
[2026-08-24 00:10:00] [caster_1] Checking history directory: /mnt/ssd/home/voptimaise-jetson-2/dev/electrosteel_pipe_detection_prod/var/caster_1/history
[2026-08-24 00:10:00] [caster_1] Yesterday's folder does not exist.
[2026-08-24 00:10:00] [caster_1] No date folders older than yesterday found.
[2026-08-24 00:10:00] [caster_1] Summary: yesterday_items_deleted=0, old_date_folders_deleted=0, failed=0, freed=0B
[2026-08-24 00:10:00] [caster_2] Checking history directory: /mnt/ssd/home/voptimaise-jetson-2/dev/electrosteel_pipe_detection_prod/var/caster_2/history
[2026-08-24 00:10:00] [caster_2] Cleaning yesterday's folder: 2026_08_23
[2026-08-24 00:10:00] [caster_2] Yesterday item not present: Shift_A_img
[2026-08-24 00:10:00] [caster_2] Yesterday item not present: Shift_A_text
[2026-08-24 00:10:00] [caster_2] Yesterday item not present: Shift_B_img
[2026-08-24 00:10:00] [caster_2] Yesterday item not present: Shift_B_text
[2026-08-24 00:10:00] [caster_2] No date folders older than yesterday found.
[2026-08-24 00:10:00] [caster_2] Summary: yesterday_items_deleted=0, old_date_folders_deleted=0, failed=0, freed=0B
[2026-08-24 00:10:00] [caster_3] Checking history directory: /mnt/ssd/home/voptimaise-jetson-2/dev/electrosteel_pipe_detection_prod/var/caster_3/history
[2026-08-24 00:10:00] [caster_3] Cleaning yesterday's folder: 2026_08_23
[2026-08-24 00:10:00] [caster_3] Yesterday item not present: Shift_A_img
[2026-08-24 00:10:00] [caster_3] Yesterday item not present: Shift_A_text
[2026-08-24 00:10:00] [caster_3] Yesterday item not present: Shift_B_img
[2026-08-24 00:10:00] [caster_3] Yesterday item not present: Shift_B_text
[2026-08-24 00:10:00] [caster_3] No date folders older than yesterday found.
[2026-08-24 00:10:00] [caster_3] Summary: yesterday_items_deleted=0, old_date_folders_deleted=0, failed=0, freed=0B
[2026-08-24 00:10:00] [caster_4] No history directory. Skipping.
[2026-08-24 00:10:00] [caster_5] No history directory. Skipping.
[2026-08-24 00:10:00] [caster_6] No history directory. Skipping.
[2026-08-24 00:10:00] [caster_7] No history directory. Skipping.
[2026-08-24 00:10:00] [caster_8] No history directory. Skipping.
[2026-08-24 00:10:00] Cleanup completed
[2026-08-24 00:10:00] Casters checked: 3
[2026-08-24 00:10:00] Yesterday Shift A/B items deleted: 0
[2026-08-24 00:10:00] Old date folders deleted: 0
[2026-08-24 00:10:00] Failures: 0
[2026-08-24 00:10:00] Total space freed: 0B
[2026-08-24 00:10:00] Root filesystem usage:
Filesystem      Size  Used Avail Use% Mounted on
/dev/mmcblk0p1   56G   46G  8.1G  85% /
[2026-08-24 00:10:00] SSD filesystem usage:
Filesystem      Size  Used Avail Use% Mounted on
/dev/nvme0n1p1  440G  132G  286G  32% /mnt/ssd
[2026-08-24 00:10:00] ============================================================
[2026-08-25 00:10:00] ============================================================
[2026-08-25 00:10:00] Cleanup started
[2026-08-25 00:10:00] Today: 2026_08_25 / 2026-08-25
[2026-08-25 00:10:00] Yesterday: 2026_08_24 / 2026-08-24
[2026-08-25 00:10:00] History root: /mnt/ssd/home/voptimaise-jetson-2/dev/electrosteel_pipe_detection_prod/var
[2026-08-25 00:10:00] Yesterday cleanup: delete Shift A and Shift B; keep Shift C
[2026-08-25 00:10:00] Folders older than yesterday will be deleted completely
[2026-08-25 00:10:00] [caster_1] Checking history directory: /mnt/ssd/home/voptimaise-jetson-2/dev/electrosteel_pipe_detection_prod/var/caster_1/history
[2026-08-25 00:10:00] [caster_1] Yesterday's folder does not exist.
[2026-08-25 00:10:00] [caster_1] No date folders older than yesterday found.
[2026-08-25 00:10:00] [caster_1] Summary: yesterday_items_deleted=0, old_date_folders_deleted=0, failed=0, freed=0B
[2026-08-25 00:10:00] [caster_2] Checking history directory: /mnt/ssd/home/voptimaise-jetson-2/dev/electrosteel_pipe_detection_prod/var/caster_2/history
[2026-08-25 00:10:00] [caster_2] Cleaning yesterday's folder: 2026_08_24
[2026-08-25 00:10:00] [caster_2] Yesterday item not present: Shift_A_img
[2026-08-25 00:10:00] [caster_2] Yesterday item not present: Shift_A_text
[2026-08-25 00:10:00] [caster_2] Yesterday item not present: Shift_B_img
[2026-08-25 00:10:00] [caster_2] Yesterday item not present: Shift_B_text
[2026-08-25 00:10:00] [caster_2] No date folders older than yesterday found.
[2026-08-25 00:10:00] [caster_2] Summary: yesterday_items_deleted=0, old_date_folders_deleted=0, failed=0, freed=0B
[2026-08-25 00:10:00] [caster_3] Checking history directory: /mnt/ssd/home/voptimaise-jetson-2/dev/electrosteel_pipe_detection_prod/var/caster_3/history
[2026-08-25 00:10:00] [caster_3] Cleaning yesterday's folder: 2026_08_24
[2026-08-25 00:10:00] [caster_3] Yesterday item not present: Shift_A_img
[2026-08-25 00:10:00] [caster_3] Yesterday item not present: Shift_A_text
[2026-08-25 00:10:00] [caster_3] Yesterday item not present: Shift_B_img
[2026-08-25 00:10:00] [caster_3] Yesterday item not present: Shift_B_text
[2026-08-25 00:10:00] [caster_3] No date folders older than yesterday found.
[2026-08-25 00:10:00] [caster_3] Summary: yesterday_items_deleted=0, old_date_folders_deleted=0, failed=0, freed=0B
[2026-08-25 00:10:00] [caster_4] No history directory. Skipping.
[2026-08-25 00:10:00] [caster_5] No history directory. Skipping.
[2026-08-25 00:10:00] [caster_6] No history directory. Skipping.
[2026-08-25 00:10:00] [caster_7] No history directory. Skipping.
[2026-08-25 00:10:00] [caster_8] No history directory. Skipping.
[2026-08-25 00:10:00] Cleanup completed
[2026-08-25 00:10:00] Casters checked: 3
[2026-08-25 00:10:00] Yesterday Shift A/B items deleted: 0
[2026-08-25 00:10:00] Old date folders deleted: 0
[2026-08-25 00:10:00] Failures: 0
[2026-08-25 00:10:00] Total space freed: 0B
[2026-08-25 00:10:00] Root filesystem usage:
Filesystem      Size  Used Avail Use% Mounted on
/dev/mmcblk0p1   56G   45G  8.3G  85% /
[2026-08-25 00:10:00] SSD filesystem usage:
Filesystem      Size  Used Avail Use% Mounted on
/dev/nvme0n1p1  440G  134G  284G  33% /mnt/ssd
[2026-08-25 00:10:00] ============================================================
[2026-08-26 00:10:00] ============================================================
[2026-08-26 00:10:00] Cleanup started
[2026-08-26 00:10:00] Today: 2026_08_26 / 2026-08-26
[2026-08-26 00:10:00] Yesterday: 2026_08_25 / 2026-08-25
[2026-08-26 00:10:00] History root: /mnt/ssd/home/voptimaise-jetson-2/dev/electrosteel_pipe_detection_prod/var
[2026-08-26 00:10:00] Yesterday cleanup: delete Shift A and Shift B; keep Shift C
[2026-08-26 00:10:00] Folders older than yesterday will be deleted completely
[2026-08-26 00:10:00] [caster_1] Checking history directory: /mnt/ssd/home/voptimaise-jetson-2/dev/electrosteel_pipe_detection_prod/var/caster_1/history
[2026-08-26 00:10:00] [caster_1] Yesterday's folder does not exist.
[2026-08-26 00:10:00] [caster_1] No date folders older than yesterday found.
[2026-08-26 00:10:00] [caster_1] Summary: yesterday_items_deleted=0, old_date_folders_deleted=0, failed=0, freed=0B
[2026-08-26 00:10:00] [caster_2] Checking history directory: /mnt/ssd/home/voptimaise-jetson-2/dev/electrosteel_pipe_detection_prod/var/caster_2/history
[2026-08-26 00:10:00] [caster_2] Cleaning yesterday's folder: 2026_08_25
[2026-08-26 00:10:00] [caster_2] Yesterday item not present: Shift_A_img
[2026-08-26 00:10:00] [caster_2] Yesterday item not present: Shift_A_text
[2026-08-26 00:10:00] [caster_2] Yesterday item not present: Shift_B_img
[2026-08-26 00:10:00] [caster_2] Yesterday item not present: Shift_B_text
[2026-08-26 00:10:00] [caster_2] No date folders older than yesterday found.
[2026-08-26 00:10:00] [caster_2] Summary: yesterday_items_deleted=0, old_date_folders_deleted=0, failed=0, freed=0B
[2026-08-26 00:10:00] [caster_3] Checking history directory: /mnt/ssd/home/voptimaise-jetson-2/dev/electrosteel_pipe_detection_prod/var/caster_3/history
[2026-08-26 00:10:00] [caster_3] Cleaning yesterday's folder: 2026_08_25
[2026-08-26 00:10:00] [caster_3] Yesterday item not present: Shift_A_img
[2026-08-26 00:10:00] [caster_3] Yesterday item not present: Shift_A_text
[2026-08-26 00:10:00] [caster_3] Yesterday item not present: Shift_B_img
[2026-08-26 00:10:00] [caster_3] Yesterday item not present: Shift_B_text
[2026-08-26 00:10:00] [caster_3] No date folders older than yesterday found.
[2026-08-26 00:10:00] [caster_3] Summary: yesterday_items_deleted=0, old_date_folders_deleted=0, failed=0, freed=0B
[2026-08-26 00:10:00] [caster_4] No history directory. Skipping.
[2026-08-26 00:10:00] [caster_5] No history directory. Skipping.
[2026-08-26 00:10:00] [caster_6] No history directory. Skipping.
[2026-08-26 00:10:00] [caster_7] No history directory. Skipping.
[2026-08-26 00:10:00] [caster_8] No history directory. Skipping.
[2026-08-26 00:10:00] Cleanup completed
[2026-08-26 00:10:00] Casters checked: 3
[2026-08-26 00:10:00] Yesterday Shift A/B items deleted: 0
[2026-08-26 00:10:00] Old date folders deleted: 0
[2026-08-26 00:10:00] Failures: 0
[2026-08-26 00:10:00] Total space freed: 0B
[2026-08-26 00:10:00] Root filesystem usage:
Filesystem      Size  Used Avail Use% Mounted on
/dev/mmcblk0p1   56G   46G  8.0G  86% /
[2026-08-26 00:10:00] SSD filesystem usage:
Filesystem      Size  Used Avail Use% Mounted on
/dev/nvme0n1p1  440G  133G  285G  32% /mnt/ssd
[2026-08-26 00:10:00] ============================================================
[2026-08-27 00:10:00] ============================================================
[2026-08-27 00:10:00] Cleanup started
[2026-08-27 00:10:00] Today: 2026_08_27 / 2026-08-27
[2026-08-27 00:10:00] Yesterday: 2026_08_26 / 2026-08-26
[2026-08-27 00:10:00] History root: /mnt/ssd/home/voptimaise-jetson-2/dev/electrosteel_pipe_detection_prod/var
[2026-08-27 00:10:00] Yesterday cleanup: delete Shift A and Shift B; keep Shift C
[2026-08-27 00:10:00] Folders older than yesterday will be deleted completely
[2026-08-27 00:10:00] [caster_1] Checking history directory: /mnt/ssd/home/voptimaise-jetson-2/dev/electrosteel_pipe_detection_prod/var/caster_1/history
[2026-08-27 00:10:00] [caster_1] Yesterday's folder does not exist.
[2026-08-27 00:10:00] [caster_1] No date folders older than yesterday found.
[2026-08-27 00:10:00] [caster_1] Summary: yesterday_items_deleted=0, old_date_folders_deleted=0, failed=0, freed=0B
[2026-08-27 00:10:00] [caster_2] Checking history directory: /mnt/ssd/home/voptimaise-jetson-2/dev/electrosteel_pipe_detection_prod/var/caster_2/history
[2026-08-27 00:10:00] [caster_2] Cleaning yesterday's folder: 2026_08_26
[2026-08-27 00:10:00] [caster_2] Yesterday item not present: Shift_A_img
[2026-08-27 00:10:00] [caster_2] Yesterday item not present: Shift_A_text
[2026-08-27 00:10:00] [caster_2] Yesterday item not present: Shift_B_img
[2026-08-27 00:10:01] [caster_2] Yesterday item not present: Shift_B_text
[2026-08-27 00:10:01] [caster_2] No date folders older than yesterday found.
[2026-08-27 00:10:01] [caster_2] Summary: yesterday_items_deleted=0, old_date_folders_deleted=0, failed=0, freed=0B
[2026-08-27 00:10:01] [caster_3] Checking history directory: /mnt/ssd/home/voptimaise-jetson-2/dev/electrosteel_pipe_detection_prod/var/caster_3/history
[2026-08-27 00:10:01] [caster_3] Cleaning yesterday's folder: 2026_08_26
[2026-08-27 00:10:01] [caster_3] Yesterday item not present: Shift_A_img
[2026-08-27 00:10:01] [caster_3] Yesterday item not present: Shift_A_text
[2026-08-27 00:10:01] [caster_3] Yesterday item not present: Shift_B_img
[2026-08-27 00:10:01] [caster_3] Yesterday item not present: Shift_B_text
[2026-08-27 00:10:01] [caster_3] No date folders older than yesterday found.
[2026-08-27 00:10:01] [caster_3] Summary: yesterday_items_deleted=0, old_date_folders_deleted=0, failed=0, freed=0B
[2026-08-27 00:10:01] [caster_4] No history directory. Skipping.
[2026-08-27 00:10:01] [caster_5] No history directory. Skipping.
[2026-08-27 00:10:01] [caster_6] No history directory. Skipping.
[2026-08-27 00:10:01] [caster_7] No history directory. Skipping.
[2026-08-27 00:10:01] [caster_8] No history directory. Skipping.
[2026-08-27 00:10:01] Cleanup completed
[2026-08-27 00:10:01] Casters checked: 3
[2026-08-27 00:10:01] Yesterday Shift A/B items deleted: 0
[2026-08-27 00:10:01] Old date folders deleted: 0
[2026-08-27 00:10:01] Failures: 0
[2026-08-27 00:10:01] Total space freed: 0B
[2026-08-27 00:10:01] Root filesystem usage:
Filesystem      Size  Used Avail Use% Mounted on
/dev/mmcblk0p1   56G   45G  8.2G  85% /
[2026-08-27 00:10:01] SSD filesystem usage:
Filesystem      Size  Used Avail Use% Mounted on
/dev/nvme0n1p1  440G  132G  286G  32% /mnt/ssd
[2026-08-27 00:10:01] ============================================================
[2026-08-28 00:10:00] ============================================================
[2026-08-28 00:10:00] Cleanup started
[2026-08-28 00:10:00] Today: 2026_08_28 / 2026-08-28
[2026-08-28 00:10:00] Yesterday: 2026_08_27 / 2026-08-27
[2026-08-28 00:10:00] History root: /mnt/ssd/home/voptimaise-jetson-2/dev/electrosteel_pipe_detection_prod/var
[2026-08-28 00:10:00] Yesterday cleanup: delete Shift A and Shift B; keep Shift C
[2026-08-28 00:10:00] Folders older than yesterday will be deleted completely
[2026-08-28 00:10:00] [caster_1] Checking history directory: /mnt/ssd/home/voptimaise-jetson-2/dev/electrosteel_pipe_detection_prod/var/caster_1/history
[2026-08-28 00:10:00] [caster_1] Yesterday's folder does not exist.
[2026-08-28 00:10:00] [caster_1] No date folders older than yesterday found.
[2026-08-28 00:10:00] [caster_1] Summary: yesterday_items_deleted=0, old_date_folders_deleted=0, failed=0, freed=0B
[2026-08-28 00:10:00] [caster_2] Checking history directory: /mnt/ssd/home/voptimaise-jetson-2/dev/electrosteel_pipe_detection_prod/var/caster_2/history
[2026-08-28 00:10:00] [caster_2] Cleaning yesterday's folder: 2026_08_27
[2026-08-28 00:10:00] [caster_2] Yesterday item not present: Shift_A_img
[2026-08-28 00:10:00] [caster_2] Yesterday item not present: Shift_A_text
[2026-08-28 00:10:00] [caster_2] Yesterday item not present: Shift_B_img
[2026-08-28 00:10:00] [caster_2] Yesterday item not present: Shift_B_text
[2026-08-28 00:10:00] [caster_2] No date folders older than yesterday found.
[2026-08-28 00:10:00] [caster_2] Summary: yesterday_items_deleted=0, old_date_folders_deleted=0, failed=0, freed=0B
[2026-08-28 00:10:00] [caster_3] Checking history directory: /mnt/ssd/home/voptimaise-jetson-2/dev/electrosteel_pipe_detection_prod/var/caster_3/history
[2026-08-28 00:10:00] [caster_3] Cleaning yesterday's folder: 2026_08_27
[2026-08-28 00:10:00] [caster_3] Yesterday item not present: Shift_A_img
[2026-08-28 00:10:00] [caster_3] Yesterday item not present: Shift_A_text
[2026-08-28 00:10:00] [caster_3] Yesterday item not present: Shift_B_img
[2026-08-28 00:10:00] [caster_3] Yesterday item not present: Shift_B_text
[2026-08-28 00:10:00] [caster_3] No date folders older than yesterday found.
[2026-08-28 00:10:00] [caster_3] Summary: yesterday_items_deleted=0, old_date_folders_deleted=0, failed=0, freed=0B
[2026-08-28 00:10:00] [caster_4] No history directory. Skipping.
[2026-08-28 00:10:00] [caster_5] No history directory. Skipping.
[2026-08-28 00:10:00] [caster_6] No history directory. Skipping.
[2026-08-28 00:10:00] [caster_7] No history directory. Skipping.
[2026-08-28 00:10:00] [caster_8] No history directory. Skipping.
[2026-08-28 00:10:00] Cleanup completed
[2026-08-28 00:10:00] Casters checked: 3
[2026-08-28 00:10:00] Yesterday Shift A/B items deleted: 0
[2026-08-28 00:10:00] Old date folders deleted: 0
[2026-08-28 00:10:00] Failures: 0
[2026-08-28 00:10:00] Total space freed: 0B
[2026-08-28 00:10:00] Root filesystem usage:
Filesystem      Size  Used Avail Use% Mounted on
/dev/mmcblk0p1   56G   46G  8.1G  85% /
[2026-08-28 00:10:00] SSD filesystem usage:
Filesystem      Size  Used Avail Use% Mounted on
/dev/nvme0n1p1  440G  132G  286G  32% /mnt/ssd
[2026-08-28 00:10:00] ============================================================
[2026-08-29 00:10:00] ============================================================
[2026-08-29 00:10:00] Cleanup started
[2026-08-29 00:10:00] Today: 2026_08_29 / 2026-08-29
[2026-08-29 00:10:00] Yesterday: 2026_08_28 / 2026-08-28
[2026-08-29 00:10:00] History root: /mnt/ssd/home/voptimaise-jetson-2/dev/electrosteel_pipe_detection_prod/var
[2026-08-29 00:10:00] Yesterday cleanup: delete Shift A and Shift B; keep Shift C
[2026-08-29 00:10:00] Folders older than yesterday will be deleted completely
[2026-08-29 00:10:00] [caster_1] Checking history directory: /mnt/ssd/home/voptimaise-jetson-2/dev/electrosteel_pipe_detection_prod/var/caster_1/history
[2026-08-29 00:10:00] [caster_1] Yesterday's folder does not exist.
[2026-08-29 00:10:00] [caster_1] No date folders older than yesterday found.
[2026-08-29 00:10:00] [caster_1] Summary: yesterday_items_deleted=0, old_date_folders_deleted=0, failed=0, freed=0B
[2026-08-29 00:10:00] [caster_2] Checking history directory: /mnt/ssd/home/voptimaise-jetson-2/dev/electrosteel_pipe_detection_prod/var/caster_2/history
[2026-08-29 00:10:00] [caster_2] Cleaning yesterday's folder: 2026_08_28
[2026-08-29 00:10:00] [caster_2] Yesterday item not present: Shift_A_img
[2026-08-29 00:10:00] [caster_2] Yesterday item not present: Shift_A_text
[2026-08-29 00:10:00] [caster_2] Yesterday item not present: Shift_B_img
[2026-08-29 00:10:00] [caster_2] Yesterday item not present: Shift_B_text
[2026-08-29 00:10:00] [caster_2] No date folders older than yesterday found.
[2026-08-29 00:10:00] [caster_2] Summary: yesterday_items_deleted=0, old_date_folders_deleted=0, failed=0, freed=0B
[2026-08-29 00:10:00] [caster_3] Checking history directory: /mnt/ssd/home/voptimaise-jetson-2/dev/electrosteel_pipe_detection_prod/var/caster_3/history
[2026-08-29 00:10:00] [caster_3] Cleaning yesterday's folder: 2026_08_28
[2026-08-29 00:10:00] [caster_3] Yesterday item not present: Shift_A_img
[2026-08-29 00:10:00] [caster_3] Yesterday item not present: Shift_A_text
[2026-08-29 00:10:00] [caster_3] Yesterday item not present: Shift_B_img
[2026-08-29 00:10:00] [caster_3] Yesterday item not present: Shift_B_text
[2026-08-29 00:10:00] [caster_3] No date folders older than yesterday found.
[2026-08-29 00:10:00] [caster_3] Summary: yesterday_items_deleted=0, old_date_folders_deleted=0, failed=0, freed=0B
[2026-08-29 00:10:00] [caster_4] No history directory. Skipping.
[2026-08-29 00:10:00] [caster_5] No history directory. Skipping.
[2026-08-29 00:10:00] [caster_6] No history directory. Skipping.
[2026-08-29 00:10:00] [caster_7] No history directory. Skipping.
[2026-08-29 00:10:00] [caster_8] No history directory. Skipping.
[2026-08-29 00:10:00] Cleanup completed
[2026-08-29 00:10:00] Casters checked: 3
[2026-08-29 00:10:00] Yesterday Shift A/B items deleted: 0
[2026-08-29 00:10:00] Old date folders deleted: 0
[2026-08-29 00:10:00] Failures: 0
[2026-08-29 00:10:00] Total space freed: 0B
[2026-08-29 00:10:00] Root filesystem usage:
Filesystem      Size  Used Avail Use% Mounted on
/dev/mmcblk0p1   56G   45G  8.2G  85% /
[2026-08-29 00:10:00] SSD filesystem usage:
Filesystem      Size  Used Avail Use% Mounted on
/dev/nvme0n1p1  440G  131G  286G  32% /mnt/ssd
[2026-08-29 00:10:00] ============================================================
[2026-08-30 00:10:00] ============================================================
[2026-08-30 00:10:00] Cleanup started
[2026-08-30 00:10:00] Today: 2026_08_30 / 2026-08-30
[2026-08-30 00:10:00] Yesterday: 2026_08_29 / 2026-08-29
[2026-08-30 00:10:00] History root: /mnt/ssd/home/voptimaise-jetson-2/dev/electrosteel_pipe_detection_prod/var
[2026-08-30 00:10:00] Yesterday cleanup: delete Shift A and Shift B; keep Shift C
[2026-08-30 00:10:00] Folders older than yesterday will be deleted completely
[2026-08-30 00:10:00] [caster_1] Checking history directory: /mnt/ssd/home/voptimaise-jetson-2/dev/electrosteel_pipe_detection_prod/var/caster_1/history
[2026-08-30 00:10:00] [caster_1] Yesterday's folder does not exist.
[2026-08-30 00:10:00] [caster_1] No date folders older than yesterday found.
[2026-08-30 00:10:00] [caster_1] Summary: yesterday_items_deleted=0, old_date_folders_deleted=0, failed=0, freed=0B
[2026-08-30 00:10:00] [caster_2] Checking history directory: /mnt/ssd/home/voptimaise-jetson-2/dev/electrosteel_pipe_detection_prod/var/caster_2/history
[2026-08-30 00:10:00] [caster_2] Cleaning yesterday's folder: 2026_08_29
[2026-08-30 00:10:00] [caster_2] Yesterday item not present: Shift_A_img
[2026-08-30 00:10:00] [caster_2] Yesterday item not present: Shift_A_text
[2026-08-30 00:10:00] [caster_2] Yesterday item not present: Shift_B_img
[2026-08-30 00:10:00] [caster_2] Yesterday item not present: Shift_B_text
[2026-08-30 00:10:01] [caster_2] No date folders older than yesterday found.
[2026-08-30 00:10:01] [caster_2] Summary: yesterday_items_deleted=0, old_date_folders_deleted=0, failed=0, freed=0B
[2026-08-30 00:10:01] [caster_3] Checking history directory: /mnt/ssd/home/voptimaise-jetson-2/dev/electrosteel_pipe_detection_prod/var/caster_3/history
[2026-08-30 00:10:01] [caster_3] Cleaning yesterday's folder: 2026_08_29
[2026-08-30 00:10:01] [caster_3] Yesterday item not present: Shift_A_img
[2026-08-30 00:10:01] [caster_3] Yesterday item not present: Shift_A_text
[2026-08-30 00:10:01] [caster_3] Yesterday item not present: Shift_B_img
[2026-08-30 00:10:01] [caster_3] Yesterday item not present: Shift_B_text
[2026-08-30 00:10:01] [caster_3] No date folders older than yesterday found.
[2026-08-30 00:10:01] [caster_3] Summary: yesterday_items_deleted=0, old_date_folders_deleted=0, failed=0, freed=0B
[2026-08-30 00:10:01] [caster_4] No history directory. Skipping.
[2026-08-30 00:10:01] [caster_5] No history directory. Skipping.
[2026-08-30 00:10:01] [caster_6] No history directory. Skipping.
[2026-08-30 00:10:01] [caster_7] No history directory. Skipping.
[2026-08-30 00:10:01] [caster_8] No history directory. Skipping.
[2026-08-30 00:10:01] Cleanup completed
[2026-08-30 00:10:01] Casters checked: 3
[2026-08-30 00:10:01] Yesterday Shift A/B items deleted: 0
[2026-08-30 00:10:01] Old date folders deleted: 0
[2026-08-30 00:10:01] Failures: 0
[2026-08-30 00:10:01] Total space freed: 0B
[2026-08-30 00:10:01] Root filesystem usage:
Filesystem      Size  Used Avail Use% Mounted on
/dev/mmcblk0p1   56G   46G  8.1G  85% /
[2026-08-30 00:10:01] SSD filesystem usage:
Filesystem      Size  Used Avail Use% Mounted on
/dev/nvme0n1p1  440G  131G  287G  32% /mnt/ssd
[2026-08-30 00:10:01] ============================================================
[2026-08-31 00:10:00] ============================================================
[2026-08-31 00:10:00] Cleanup started
[2026-08-31 00:10:00] Today: 2026_08_31 / 2026-08-31
[2026-08-31 00:10:00] Yesterday: 2026_08_30 / 2026-08-30
[2026-08-31 00:10:00] History root: /mnt/ssd/home/voptimaise-jetson-2/dev/electrosteel_pipe_detection_prod/var
[2026-08-31 00:10:00] Yesterday cleanup: delete Shift A and Shift B; keep Shift C
[2026-08-31 00:10:00] Folders older than yesterday will be deleted completely
[2026-08-31 00:10:00] [caster_1] Checking history directory: /mnt/ssd/home/voptimaise-jetson-2/dev/electrosteel_pipe_detection_prod/var/caster_1/history
[2026-08-31 00:10:00] [caster_1] Yesterday's folder does not exist.
[2026-08-31 00:10:00] [caster_1] No date folders older than yesterday found.
[2026-08-31 00:10:00] [caster_1] Summary: yesterday_items_deleted=0, old_date_folders_deleted=0, failed=0, freed=0B
[2026-08-31 00:10:00] [caster_2] Checking history directory: /mnt/ssd/home/voptimaise-jetson-2/dev/electrosteel_pipe_detection_prod/var/caster_2/history
[2026-08-31 00:10:00] [caster_2] Cleaning yesterday's folder: 2026_08_30
[2026-08-31 00:10:00] [caster_2] Yesterday item not present: Shift_A_img
[2026-08-31 00:10:00] [caster_2] Yesterday item not present: Shift_A_text
[2026-08-31 00:10:00] [caster_2] Yesterday item not present: Shift_B_img
[2026-08-31 00:10:00] [caster_2] Yesterday item not present: Shift_B_text
[2026-08-31 00:10:00] [caster_2] No date folders older than yesterday found.
[2026-08-31 00:10:00] [caster_2] Summary: yesterday_items_deleted=0, old_date_folders_deleted=0, failed=0, freed=0B
[2026-08-31 00:10:00] [caster_3] Checking history directory: /mnt/ssd/home/voptimaise-jetson-2/dev/electrosteel_pipe_detection_prod/var/caster_3/history
[2026-08-31 00:10:00] [caster_3] Cleaning yesterday's folder: 2026_08_30
[2026-08-31 00:10:00] [caster_3] Yesterday item not present: Shift_A_img
[2026-08-31 00:10:00] [caster_3] Yesterday item not present: Shift_A_text
[2026-08-31 00:10:00] [caster_3] Yesterday item not present: Shift_B_img
[2026-08-31 00:10:00] [caster_3] Yesterday item not present: Shift_B_text
[2026-08-31 00:10:00] [caster_3] No date folders older than yesterday found.
[2026-08-31 00:10:00] [caster_3] Summary: yesterday_items_deleted=0, old_date_folders_deleted=0, failed=0, freed=0B
[2026-08-31 00:10:00] [caster_4] No history directory. Skipping.
[2026-08-31 00:10:00] [caster_5] No history directory. Skipping.
[2026-08-31 00:10:00] [caster_6] No history directory. Skipping.
[2026-08-31 00:10:00] [caster_7] No history directory. Skipping.
[2026-08-31 00:10:00] [caster_8] No history directory. Skipping.
[2026-08-31 00:10:00] Cleanup completed
[2026-08-31 00:10:00] Casters checked: 3
[2026-08-31 00:10:00] Yesterday Shift A/B items deleted: 0
[2026-08-31 00:10:00] Old date folders deleted: 0
[2026-08-31 00:10:00] Failures: 0
[2026-08-31 00:10:00] Total space freed: 0B
[2026-08-31 00:10:00] Root filesystem usage:
Filesystem      Size  Used Avail Use% Mounted on
/dev/mmcblk0p1   56G   45G  8.2G  85% /
[2026-08-31 00:10:00] SSD filesystem usage:
Filesystem      Size  Used Avail Use% Mounted on
/dev/nvme0n1p1  440G  132G  286G  32% /mnt/ssd
[2026-08-31 00:10:00] ============================================================
[2026-09-01 00:10:00] ============================================================
[2026-09-01 00:10:00] Cleanup started
[2026-09-01 00:10:00] Today: 2026_09_01 / 2026-09-01
[2026-09-01 00:10:00] Yesterday: 2026_08_31 / 2026-08-31
[2026-09-01 00:10:00] History root: /mnt/ssd/home/voptimaise-jetson-2/dev/electrosteel_pipe_detection_prod/var
[2026-09-01 00:10:00] Yesterday cleanup: delete Shift A and Shift B; keep Shift C
[2026-09-01 00:10:00] Folders older than yesterday will be deleted completely
[2026-09-01 00:10:00] [caster_1] Checking history directory: /mnt/ssd/home/voptimaise-jetson-2/dev/electrosteel_pipe_detection_prod/var/caster_1/history
[2026-09-01 00:10:00] [caster_1] Yesterday's folder does not exist.
[2026-09-01 00:10:00] [caster_1] No date folders older than yesterday found.
[2026-09-01 00:10:00] [caster_1] Summary: yesterday_items_deleted=0, old_date_folders_deleted=0, failed=0, freed=0B
[2026-09-01 00:10:00] [caster_2] Checking history directory: /mnt/ssd/home/voptimaise-jetson-2/dev/electrosteel_pipe_detection_prod/var/caster_2/history
[2026-09-01 00:10:00] [caster_2] Cleaning yesterday's folder: 2026_08_31
[2026-09-01 00:10:00] [caster_2] Yesterday item not present: Shift_A_img
[2026-09-01 00:10:00] [caster_2] Yesterday item not present: Shift_A_text
[2026-09-01 00:10:00] [caster_2] Yesterday item not present: Shift_B_img
[2026-09-01 00:10:00] [caster_2] Yesterday item not present: Shift_B_text
[2026-09-01 00:10:00] [caster_2] No date folders older than yesterday found.
[2026-09-01 00:10:00] [caster_2] Summary: yesterday_items_deleted=0, old_date_folders_deleted=0, failed=0, freed=0B
[2026-09-01 00:10:00] [caster_3] Checking history directory: /mnt/ssd/home/voptimaise-jetson-2/dev/electrosteel_pipe_detection_prod/var/caster_3/history
[2026-09-01 00:10:00] [caster_3] Cleaning yesterday's folder: 2026_08_31
[2026-09-01 00:10:00] [caster_3] Yesterday item not present: Shift_A_img
[2026-09-01 00:10:00] [caster_3] Yesterday item not present: Shift_A_text
[2026-09-01 00:10:00] [caster_3] Yesterday item not present: Shift_B_img
[2026-09-01 00:10:00] [caster_3] Yesterday item not present: Shift_B_text
[2026-09-01 00:10:00] [caster_3] No date folders older than yesterday found.
[2026-09-01 00:10:00] [caster_3] Summary: yesterday_items_deleted=0, old_date_folders_deleted=0, failed=0, freed=0B
[2026-09-01 00:10:00] [caster_4] No history directory. Skipping.
[2026-09-01 00:10:00] [caster_5] No history directory. Skipping.
[2026-09-01 00:10:00] [caster_6] No history directory. Skipping.
[2026-09-01 00:10:00] [caster_7] No history directory. Skipping.
[2026-09-01 00:10:00] [caster_8] No history directory. Skipping.
[2026-09-01 00:10:00] Cleanup completed
[2026-09-01 00:10:00] Casters checked: 3
[2026-09-01 00:10:00] Yesterday Shift A/B items deleted: 0
[2026-09-01 00:10:00] Old date folders deleted: 0
[2026-09-01 00:10:00] Failures: 0
[2026-09-01 00:10:00] Total space freed: 0B
[2026-09-01 00:10:00] Root filesystem usage:
Filesystem      Size  Used Avail Use% Mounted on
/dev/mmcblk0p1   56G   46G  8.1G  85% /
[2026-09-01 00:10:00] SSD filesystem usage:
Filesystem      Size  Used Avail Use% Mounted on
/dev/nvme0n1p1  440G  133G  284G  32% /mnt/ssd
[2026-09-01 00:10:00] ============================================================
[2026-09-02 00:10:00] ============================================================
[2026-09-02 00:10:00] Cleanup started
[2026-09-02 00:10:00] Today: 2026_09_02 / 2026-09-02
[2026-09-02 00:10:00] Yesterday: 2026_09_01 / 2026-09-01
[2026-09-02 00:10:00] History root: /mnt/ssd/home/voptimaise-jetson-2/dev/electrosteel_pipe_detection_prod/var
[2026-09-02 00:10:00] Yesterday cleanup: delete Shift A and Shift B; keep Shift C
[2026-09-02 00:10:00] Folders older than yesterday will be deleted completely
[2026-09-02 00:10:00] [caster_1] Checking history directory: /mnt/ssd/home/voptimaise-jetson-2/dev/electrosteel_pipe_detection_prod/var/caster_1/history
[2026-09-02 00:10:00] [caster_1] Yesterday's folder does not exist.
[2026-09-02 00:10:00] [caster_1] No date folders older than yesterday found.
[2026-09-02 00:10:00] [caster_1] Summary: yesterday_items_deleted=0, old_date_folders_deleted=0, failed=0, freed=0B
[2026-09-02 00:10:00] [caster_2] Checking history directory: /mnt/ssd/home/voptimaise-jetson-2/dev/electrosteel_pipe_detection_prod/var/caster_2/history
[2026-09-02 00:10:00] [caster_2] Cleaning yesterday's folder: 2026_09_01
[2026-09-02 00:10:00] [caster_2] Yesterday item not present: Shift_A_img
[2026-09-02 00:10:00] [caster_2] Yesterday item not present: Shift_A_text
[2026-09-02 00:10:00] [caster_2] Yesterday item not present: Shift_B_img
[2026-09-02 00:10:00] [caster_2] Yesterday item not present: Shift_B_text
[2026-09-02 00:10:00] [caster_2] No date folders older than yesterday found.
[2026-09-02 00:10:00] [caster_2] Summary: yesterday_items_deleted=0, old_date_folders_deleted=0, failed=0, freed=0B
[2026-09-02 00:10:00] [caster_3] Checking history directory: /mnt/ssd/home/voptimaise-jetson-2/dev/electrosteel_pipe_detection_prod/var/caster_3/history
[2026-09-02 00:10:00] [caster_3] Cleaning yesterday's folder: 2026_09_01
[2026-09-02 00:10:00] [caster_3] Yesterday item not present: Shift_A_img
[2026-09-02 00:10:00] [caster_3] Yesterday item not present: Shift_A_text
[2026-09-02 00:10:00] [caster_3] Yesterday item not present: Shift_B_img
[2026-09-02 00:10:00] [caster_3] Yesterday item not present: Shift_B_text
[2026-09-02 00:10:00] [caster_3] No date folders older than yesterday found.
[2026-09-02 00:10:00] [caster_3] Summary: yesterday_items_deleted=0, old_date_folders_deleted=0, failed=0, freed=0B
[2026-09-02 00:10:00] [caster_4] No history directory. Skipping.
[2026-09-02 00:10:00] [caster_5] No history directory. Skipping.
[2026-09-02 00:10:00] [caster_6] No history directory. Skipping.
[2026-09-02 00:10:00] [caster_7] No history directory. Skipping.
[2026-09-02 00:10:00] [caster_8] No history directory. Skipping.
[2026-09-02 00:10:00] Cleanup completed
[2026-09-02 00:10:00] Casters checked: 3
[2026-09-02 00:10:00] Yesterday Shift A/B items deleted: 0
[2026-09-02 00:10:00] Old date folders deleted: 0
[2026-09-02 00:10:00] Failures: 0
[2026-09-02 00:10:00] Total space freed: 0B
[2026-09-02 00:10:00] Root filesystem usage:
Filesystem      Size  Used Avail Use% Mounted on
/dev/mmcblk0p1   56G   45G  8.1G  85% /
[2026-09-02 00:10:00] SSD filesystem usage:
Filesystem      Size  Used Avail Use% Mounted on
/dev/nvme0n1p1  440G  134G  283G  33% /mnt/ssd
[2026-09-02 00:10:00] ============================================================
[2026-09-03 00:10:00] ============================================================
[2026-09-03 00:10:00] Cleanup started
[2026-09-03 00:10:00] Today: 2026_09_03 / 2026-09-03
[2026-09-03 00:10:00] Yesterday: 2026_09_02 / 2026-09-02
[2026-09-03 00:10:00] History root: /mnt/ssd/home/voptimaise-jetson-2/dev/electrosteel_pipe_detection_prod/var
[2026-09-03 00:10:00] Yesterday cleanup: delete Shift A and Shift B; keep Shift C
[2026-09-03 00:10:00] Folders older than yesterday will be deleted completely
[2026-09-03 00:10:00] [caster_1] Checking history directory: /mnt/ssd/home/voptimaise-jetson-2/dev/electrosteel_pipe_detection_prod/var/caster_1/history
[2026-09-03 00:10:00] [caster_1] Yesterday's folder does not exist.
[2026-09-03 00:10:00] [caster_1] No date folders older than yesterday found.
[2026-09-03 00:10:00] [caster_1] Summary: yesterday_items_deleted=0, old_date_folders_deleted=0, failed=0, freed=0B
[2026-09-03 00:10:00] [caster_2] Checking history directory: /mnt/ssd/home/voptimaise-jetson-2/dev/electrosteel_pipe_detection_prod/var/caster_2/history
[2026-09-03 00:10:00] [caster_2] Cleaning yesterday's folder: 2026_09_02
[2026-09-03 00:10:00] [caster_2] Yesterday item not present: Shift_A_img
[2026-09-03 00:10:00] [caster_2] Yesterday item not present: Shift_A_text
[2026-09-03 00:10:00] [caster_2] Yesterday item not present: Shift_B_img
[2026-09-03 00:10:00] [caster_2] Yesterday item not present: Shift_B_text
[2026-09-03 00:10:00] [caster_2] No date folders older than yesterday found.
[2026-09-03 00:10:00] [caster_2] Summary: yesterday_items_deleted=0, old_date_folders_deleted=0, failed=0, freed=0B
[2026-09-03 00:10:00] [caster_3] Checking history directory: /mnt/ssd/home/voptimaise-jetson-2/dev/electrosteel_pipe_detection_prod/var/caster_3/history
[2026-09-03 00:10:00] [caster_3] Cleaning yesterday's folder: 2026_09_02
[2026-09-03 00:10:00] [caster_3] Yesterday item not present: Shift_A_img
[2026-09-03 00:10:00] [caster_3] Yesterday item not present: Shift_A_text
[2026-09-03 00:10:00] [caster_3] Yesterday item not present: Shift_B_img
[2026-09-03 00:10:00] [caster_3] Yesterday item not present: Shift_B_text
[2026-09-03 00:10:00] [caster_3] No date folders older than yesterday found.
[2026-09-03 00:10:00] [caster_3] Summary: yesterday_items_deleted=0, old_date_folders_deleted=0, failed=0, freed=0B
[2026-09-03 00:10:00] [caster_4] No history directory. Skipping.
[2026-09-03 00:10:00] [caster_5] No history directory. Skipping.
[2026-09-03 00:10:00] [caster_6] No history directory. Skipping.
[2026-09-03 00:10:00] [caster_7] No history directory. Skipping.
[2026-09-03 00:10:00] [caster_8] No history directory. Skipping.
[2026-09-03 00:10:00] Cleanup completed
[2026-09-03 00:10:00] Casters checked: 3
[2026-09-03 00:10:00] Yesterday Shift A/B items deleted: 0
[2026-09-03 00:10:00] Old date folders deleted: 0
[2026-09-03 00:10:00] Failures: 0
[2026-09-03 00:10:00] Total space freed: 0B
[2026-09-03 00:10:00] Root filesystem usage:
Filesystem      Size  Used Avail Use% Mounted on
/dev/mmcblk0p1   56G   46G  8.1G  85% /
[2026-09-03 00:10:00] SSD filesystem usage:
Filesystem      Size  Used Avail Use% Mounted on
/dev/nvme0n1p1  440G  135G  282G  33% /mnt/ssd
[2026-09-03 00:10:00] ============================================================
[2026-09-04 00:10:00] ============================================================
[2026-09-04 00:10:00] Cleanup started
[2026-09-04 00:10:00] Today: 2026_09_04 / 2026-09-04
[2026-09-04 00:10:00] Yesterday: 2026_09_03 / 2026-09-03
[2026-09-04 00:10:00] History root: /mnt/ssd/home/voptimaise-jetson-2/dev/electrosteel_pipe_detection_prod/var
[2026-09-04 00:10:00] Yesterday cleanup: delete Shift A and Shift B; keep Shift C
[2026-09-04 00:10:00] Folders older than yesterday will be deleted completely
[2026-09-04 00:10:00] [caster_1] Checking history directory: /mnt/ssd/home/voptimaise-jetson-2/dev/electrosteel_pipe_detection_prod/var/caster_1/history
[2026-09-04 00:10:00] [caster_1] Yesterday's folder does not exist.
[2026-09-04 00:10:00] [caster_1] No date folders older than yesterday found.
[2026-09-04 00:10:00] [caster_1] Summary: yesterday_items_deleted=0, old_date_folders_deleted=0, failed=0, freed=0B
[2026-09-04 00:10:00] [caster_2] Checking history directory: /mnt/ssd/home/voptimaise-jetson-2/dev/electrosteel_pipe_detection_prod/var/caster_2/history
[2026-09-04 00:10:00] [caster_2] Cleaning yesterday's folder: 2026_09_03
[2026-09-04 00:10:00] [caster_2] Yesterday item not present: Shift_A_img
[2026-09-04 00:10:00] [caster_2] Yesterday item not present: Shift_A_text
[2026-09-04 00:10:00] [caster_2] Yesterday item not present: Shift_B_img
[2026-09-04 00:10:00] [caster_2] Yesterday item not present: Shift_B_text
[2026-09-04 00:10:00] [caster_2] No date folders older than yesterday found.
[2026-09-04 00:10:00] [caster_2] Summary: yesterday_items_deleted=0, old_date_folders_deleted=0, failed=0, freed=0B
[2026-09-04 00:10:00] [caster_3] Checking history directory: /mnt/ssd/home/voptimaise-jetson-2/dev/electrosteel_pipe_detection_prod/var/caster_3/history
[2026-09-04 00:10:00] [caster_3] Cleaning yesterday's folder: 2026_09_03
[2026-09-04 00:10:00] [caster_3] Yesterday item not present: Shift_A_img
[2026-09-04 00:10:00] [caster_3] Yesterday item not present: Shift_A_text
[2026-09-04 00:10:00] [caster_3] Yesterday item not present: Shift_B_img
[2026-09-04 00:10:00] [caster_3] Yesterday item not present: Shift_B_text
[2026-09-04 00:10:00] [caster_3] No date folders older than yesterday found.
[2026-09-04 00:10:00] [caster_3] Summary: yesterday_items_deleted=0, old_date_folders_deleted=0, failed=0, freed=0B
[2026-09-04 00:10:00] [caster_4] No history directory. Skipping.
[2026-09-04 00:10:00] [caster_5] No history directory. Skipping.
[2026-09-04 00:10:00] [caster_6] No history directory. Skipping.
[2026-09-04 00:10:00] [caster_7] No history directory. Skipping.
[2026-09-04 00:10:00] [caster_8] No history directory. Skipping.
[2026-09-04 00:10:00] Cleanup completed
[2026-09-04 00:10:00] Casters checked: 3
[2026-09-04 00:10:00] Yesterday Shift A/B items deleted: 0
[2026-09-04 00:10:00] Old date folders deleted: 0
[2026-09-04 00:10:00] Failures: 0
[2026-09-04 00:10:00] Total space freed: 0B
[2026-09-04 00:10:00] Root filesystem usage:
Filesystem      Size  Used Avail Use% Mounted on
/dev/mmcblk0p1   56G   46G  8.0G  85% /
[2026-09-04 00:10:00] SSD filesystem usage:
Filesystem      Size  Used Avail Use% Mounted on
/dev/nvme0n1p1  440G  136G  282G  33% /mnt/ssd
[2026-09-04 00:10:00] ============================================================
[2026-09-05 00:10:00] ============================================================
[2026-09-05 00:10:00] Cleanup started
[2026-09-05 00:10:00] Today: 2026_09_05 / 2026-09-05
[2026-09-05 00:10:00] Yesterday: 2026_09_04 / 2026-09-04
[2026-09-05 00:10:00] History root: /mnt/ssd/home/voptimaise-jetson-2/dev/electrosteel_pipe_detection_prod/var
[2026-09-05 00:10:00] Yesterday cleanup: delete Shift A and Shift B; keep Shift C
[2026-09-05 00:10:00] Folders older than yesterday will be deleted completely
[2026-09-05 00:10:00] [caster_1] Checking history directory: /mnt/ssd/home/voptimaise-jetson-2/dev/electrosteel_pipe_detection_prod/var/caster_1/history
[2026-09-05 00:10:00] [caster_1] Yesterday's folder does not exist.
[2026-09-05 00:10:00] [caster_1] No date folders older than yesterday found.
[2026-09-05 00:10:00] [caster_1] Summary: yesterday_items_deleted=0, old_date_folders_deleted=0, failed=0, freed=0B
[2026-09-05 00:10:00] [caster_2] Checking history directory: /mnt/ssd/home/voptimaise-jetson-2/dev/electrosteel_pipe_detection_prod/var/caster_2/history
[2026-09-05 00:10:00] [caster_2] Cleaning yesterday's folder: 2026_09_04
[2026-09-05 00:10:00] [caster_2] Yesterday item not present: Shift_A_img
[2026-09-05 00:10:00] [caster_2] Yesterday item not present: Shift_A_text
[2026-09-05 00:10:00] [caster_2] Yesterday item not present: Shift_B_img
[2026-09-05 00:10:00] [caster_2] Yesterday item not present: Shift_B_text
[2026-09-05 00:10:00] [caster_2] No date folders older than yesterday found.
[2026-09-05 00:10:00] [caster_2] Summary: yesterday_items_deleted=0, old_date_folders_deleted=0, failed=0, freed=0B
[2026-09-05 00:10:00] [caster_3] Checking history directory: /mnt/ssd/home/voptimaise-jetson-2/dev/electrosteel_pipe_detection_prod/var/caster_3/history
[2026-09-05 00:10:00] [caster_3] Cleaning yesterday's folder: 2026_09_04
[2026-09-05 00:10:00] [caster_3] Yesterday item not present: Shift_A_img
[2026-09-05 00:10:00] [caster_3] Yesterday item not present: Shift_A_text
[2026-09-05 00:10:00] [caster_3] Yesterday item not present: Shift_B_img
[2026-09-05 00:10:00] [caster_3] Yesterday item not present: Shift_B_text
[2026-09-05 00:10:00] [caster_3] No date folders older than yesterday found.
[2026-09-05 00:10:00] [caster_3] Summary: yesterday_items_deleted=0, old_date_folders_deleted=0, failed=0, freed=0B
[2026-09-05 00:10:00] [caster_4] No history directory. Skipping.
[2026-09-05 00:10:00] [caster_5] No history directory. Skipping.
[2026-09-05 00:10:00] [caster_6] No history directory. Skipping.
[2026-09-05 00:10:00] [caster_7] No history directory. Skipping.
[2026-09-05 00:10:00] [caster_8] No history directory. Skipping.
[2026-09-05 00:10:00] Cleanup completed
[2026-09-05 00:10:00] Casters checked: 3
[2026-09-05 00:10:00] Yesterday Shift A/B items deleted: 0
[2026-09-05 00:10:00] Old date folders deleted: 0
[2026-09-05 00:10:00] Failures: 0
[2026-09-05 00:10:00] Total space freed: 0B
[2026-09-05 00:10:00] Root filesystem usage:
Filesystem      Size  Used Avail Use% Mounted on
/dev/mmcblk0p1   56G   46G  7.8G  86% /
[2026-09-05 00:10:00] SSD filesystem usage:
Filesystem      Size  Used Avail Use% Mounted on
/dev/nvme0n1p1  440G  136G  282G  33% /mnt/ssd
[2026-09-05 00:10:00] ============================================================
[2026-09-06 00:10:00] ============================================================
[2026-09-06 00:10:00] Cleanup started
[2026-09-06 00:10:00] Today: 2026_09_06 / 2026-09-06
[2026-09-06 00:10:00] Yesterday: 2026_09_05 / 2026-09-05
[2026-09-06 00:10:00] History root: /mnt/ssd/home/voptimaise-jetson-2/dev/electrosteel_pipe_detection_prod/var
[2026-09-06 00:10:00] Yesterday cleanup: delete Shift A and Shift B; keep Shift C
[2026-09-06 00:10:00] Folders older than yesterday will be deleted completely
[2026-09-06 00:10:00] [caster_1] Checking history directory: /mnt/ssd/home/voptimaise-jetson-2/dev/electrosteel_pipe_detection_prod/var/caster_1/history
[2026-09-06 00:10:00] [caster_1] Yesterday's folder does not exist.
[2026-09-06 00:10:00] [caster_1] No date folders older than yesterday found.
[2026-09-06 00:10:00] [caster_1] Summary: yesterday_items_deleted=0, old_date_folders_deleted=0, failed=0, freed=0B
[2026-09-06 00:10:00] [caster_2] Checking history directory: /mnt/ssd/home/voptimaise-jetson-2/dev/electrosteel_pipe_detection_prod/var/caster_2/history
[2026-09-06 00:10:00] [caster_2] Cleaning yesterday's folder: 2026_09_05
[2026-09-06 00:10:00] [caster_2] Yesterday item not present: Shift_A_img
[2026-09-06 00:10:00] [caster_2] Yesterday item not present: Shift_A_text
[2026-09-06 00:10:00] [caster_2] Yesterday item not present: Shift_B_img
[2026-09-06 00:10:00] [caster_2] Yesterday item not present: Shift_B_text
[2026-09-06 00:10:00] [caster_2] No date folders older than yesterday found.
[2026-09-06 00:10:00] [caster_2] Summary: yesterday_items_deleted=0, old_date_folders_deleted=0, failed=0, freed=0B
[2026-09-06 00:10:00] [caster_3] Checking history directory: /mnt/ssd/home/voptimaise-jetson-2/dev/electrosteel_pipe_detection_prod/var/caster_3/history
[2026-09-06 00:10:00] [caster_3] Cleaning yesterday's folder: 2026_09_05
[2026-09-06 00:10:00] [caster_3] Yesterday item not present: Shift_A_img
[2026-09-06 00:10:00] [caster_3] Yesterday item not present: Shift_A_text
[2026-09-06 00:10:00] [caster_3] Yesterday item not present: Shift_B_img
[2026-09-06 00:10:00] [caster_3] Yesterday item not present: Shift_B_text
[2026-09-06 00:10:00] [caster_3] No date folders older than yesterday found.
[2026-09-06 00:10:00] [caster_3] Summary: yesterday_items_deleted=0, old_date_folders_deleted=0, failed=0, freed=0B
[2026-09-06 00:10:00] [caster_4] No history directory. Skipping.
[2026-09-06 00:10:00] [caster_5] No history directory. Skipping.
[2026-09-06 00:10:00] [caster_6] No history directory. Skipping.
[2026-09-06 00:10:00] [caster_7] No history directory. Skipping.
[2026-09-06 00:10:00] [caster_8] No history directory. Skipping.
[2026-09-06 00:10:00] Cleanup completed
[2026-09-06 00:10:00] Casters checked: 3
[2026-09-06 00:10:00] Yesterday Shift A/B items deleted: 0
[2026-09-06 00:10:00] Old date folders deleted: 0
[2026-09-06 00:10:00] Failures: 0
[2026-09-06 00:10:00] Total space freed: 0B
[2026-09-06 00:10:00] Root filesystem usage:
Filesystem      Size  Used Avail Use% Mounted on
/dev/mmcblk0p1   56G   46G  7.9G  86% /
[2026-09-06 00:10:00] SSD filesystem usage:
Filesystem      Size  Used Avail Use% Mounted on
/dev/nvme0n1p1  440G  134G  283G  33% /mnt/ssd
[2026-09-06 00:10:00] ============================================================
[2026-09-07 00:10:00] ============================================================
[2026-09-07 00:10:00] Cleanup started
[2026-09-07 00:10:00] Today: 2026_09_07 / 2026-09-07
[2026-09-07 00:10:00] Yesterday: 2026_09_06 / 2026-09-06
[2026-09-07 00:10:00] History root: /mnt/ssd/home/voptimaise-jetson-2/dev/electrosteel_pipe_detection_prod/var
[2026-09-07 00:10:00] Yesterday cleanup: delete Shift A and Shift B; keep Shift C
[2026-09-07 00:10:00] Folders older than yesterday will be deleted completely
[2026-09-07 00:10:00] [caster_1] Checking history directory: /mnt/ssd/home/voptimaise-jetson-2/dev/electrosteel_pipe_detection_prod/var/caster_1/history
[2026-09-07 00:10:00] [caster_1] Yesterday's folder does not exist.
[2026-09-07 00:10:00] [caster_1] No date folders older than yesterday found.
[2026-09-07 00:10:00] [caster_1] Summary: yesterday_items_deleted=0, old_date_folders_deleted=0, failed=0, freed=0B
[2026-09-07 00:10:00] [caster_2] Checking history directory: /mnt/ssd/home/voptimaise-jetson-2/dev/electrosteel_pipe_detection_prod/var/caster_2/history
[2026-09-07 00:10:00] [caster_2] Cleaning yesterday's folder: 2026_09_06
[2026-09-07 00:10:00] [caster_2] Yesterday item not present: Shift_A_img
[2026-09-07 00:10:00] [caster_2] Yesterday item not present: Shift_A_text
[2026-09-07 00:10:00] [caster_2] Yesterday item not present: Shift_B_img
[2026-09-07 00:10:00] [caster_2] Yesterday item not present: Shift_B_text
[2026-09-07 00:10:00] [caster_2] No date folders older than yesterday found.
[2026-09-07 00:10:00] [caster_2] Summary: yesterday_items_deleted=0, old_date_folders_deleted=0, failed=0, freed=0B
[2026-09-07 00:10:00] [caster_3] Checking history directory: /mnt/ssd/home/voptimaise-jetson-2/dev/electrosteel_pipe_detection_prod/var/caster_3/history
[2026-09-07 00:10:00] [caster_3] Cleaning yesterday's folder: 2026_09_06
[2026-09-07 00:10:00] [caster_3] Yesterday item not present: Shift_A_img
[2026-09-07 00:10:00] [caster_3] Yesterday item not present: Shift_A_text
[2026-09-07 00:10:00] [caster_3] Yesterday item not present: Shift_B_img
[2026-09-07 00:10:00] [caster_3] Yesterday item not present: Shift_B_text
[2026-09-07 00:10:00] [caster_3] No date folders older than yesterday found.
[2026-09-07 00:10:00] [caster_3] Summary: yesterday_items_deleted=0, old_date_folders_deleted=0, failed=0, freed=0B
[2026-09-07 00:10:00] [caster_4] No history directory. Skipping.
[2026-09-07 00:10:00] [caster_5] No history directory. Skipping.
[2026-09-07 00:10:00] [caster_6] No history directory. Skipping.
[2026-09-07 00:10:00] [caster_7] No history directory. Skipping.
[2026-09-07 00:10:00] [caster_8] No history directory. Skipping.
[2026-09-07 00:10:00] Cleanup completed
[2026-09-07 00:10:00] Casters checked: 3
[2026-09-07 00:10:00] Yesterday Shift A/B items deleted: 0
[2026-09-07 00:10:00] Old date folders deleted: 0
[2026-09-07 00:10:00] Failures: 0
[2026-09-07 00:10:00] Total space freed: 0B
[2026-09-07 00:10:00] Root filesystem usage:
Filesystem      Size  Used Avail Use% Mounted on
/dev/mmcblk0p1   56G   46G  7.9G  86% /
[2026-09-07 00:10:00] SSD filesystem usage:
Filesystem      Size  Used Avail Use% Mounted on
/dev/nvme0n1p1  440G  133G  285G  32% /mnt/ssd
[2026-09-07 00:10:00] ============================================================
[2026-09-08 00:10:00] ============================================================
[2026-09-08 00:10:00] Cleanup started
[2026-09-08 00:10:00] Today: 2026_09_08 / 2026-09-08
[2026-09-08 00:10:00] Yesterday: 2026_09_07 / 2026-09-07
[2026-09-08 00:10:00] History root: /mnt/ssd/home/voptimaise-jetson-2/dev/electrosteel_pipe_detection_prod/var
[2026-09-08 00:10:00] Yesterday cleanup: delete Shift A and Shift B; keep Shift C
[2026-09-08 00:10:00] Folders older than yesterday will be deleted completely
[2026-09-08 00:10:00] [caster_1] Checking history directory: /mnt/ssd/home/voptimaise-jetson-2/dev/electrosteel_pipe_detection_prod/var/caster_1/history
[2026-09-08 00:10:00] [caster_1] Yesterday's folder does not exist.
[2026-09-08 00:10:00] [caster_1] No date folders older than yesterday found.
[2026-09-08 00:10:00] [caster_1] Summary: yesterday_items_deleted=0, old_date_folders_deleted=0, failed=0, freed=0B
[2026-09-08 00:10:00] [caster_2] Checking history directory: /mnt/ssd/home/voptimaise-jetson-2/dev/electrosteel_pipe_detection_prod/var/caster_2/history
[2026-09-08 00:10:00] [caster_2] Cleaning yesterday's folder: 2026_09_07
[2026-09-08 00:10:00] [caster_2] Yesterday item not present: Shift_A_img
[2026-09-08 00:10:00] [caster_2] Yesterday item not present: Shift_A_text
[2026-09-08 00:10:00] [caster_2] Yesterday item not present: Shift_B_img
[2026-09-08 00:10:00] [caster_2] Yesterday item not present: Shift_B_text
[2026-09-08 00:10:00] [caster_2] No date folders older than yesterday found.
[2026-09-08 00:10:00] [caster_2] Summary: yesterday_items_deleted=0, old_date_folders_deleted=0, failed=0, freed=0B
[2026-09-08 00:10:00] [caster_3] Checking history directory: /mnt/ssd/home/voptimaise-jetson-2/dev/electrosteel_pipe_detection_prod/var/caster_3/history
[2026-09-08 00:10:00] [caster_3] Cleaning yesterday's folder: 2026_09_07
[2026-09-08 00:10:00] [caster_3] Yesterday item not present: Shift_A_img
[2026-09-08 00:10:00] [caster_3] Yesterday item not present: Shift_A_text
[2026-09-08 00:10:00] [caster_3] Yesterday item not present: Shift_B_img
[2026-09-08 00:10:00] [caster_3] Yesterday item not present: Shift_B_text
[2026-09-08 00:10:00] [caster_3] No date folders older than yesterday found.
[2026-09-08 00:10:00] [caster_3] Summary: yesterday_items_deleted=0, old_date_folders_deleted=0, failed=0, freed=0B
[2026-09-08 00:10:00] [caster_4] No history directory. Skipping.
[2026-09-08 00:10:00] [caster_5] No history directory. Skipping.
[2026-09-08 00:10:00] [caster_6] No history directory. Skipping.
[2026-09-08 00:10:00] [caster_7] No history directory. Skipping.
[2026-09-08 00:10:00] [caster_8] No history directory. Skipping.
[2026-09-08 00:10:00] Cleanup completed
[2026-09-08 00:10:00] Casters checked: 3
[2026-09-08 00:10:00] Yesterday Shift A/B items deleted: 0
[2026-09-08 00:10:00] Old date folders deleted: 0
[2026-09-08 00:10:00] Failures: 0
[2026-09-08 00:10:00] Total space freed: 0B
[2026-09-08 00:10:00] Root filesystem usage:
Filesystem      Size  Used Avail Use% Mounted on
/dev/mmcblk0p1   56G   46G  7.9G  86% /
[2026-09-08 00:10:00] SSD filesystem usage:
Filesystem      Size  Used Avail Use% Mounted on
/dev/nvme0n1p1  440G  134G  284G  33% /mnt/ssd
[2026-09-08 00:10:00] ============================================================
[2026-09-09 00:10:01] ============================================================
[2026-09-09 00:10:01] Cleanup started
[2026-09-09 00:10:01] Today: 2026_09_09 / 2026-09-09
[2026-09-09 00:10:01] Yesterday: 2026_09_08 / 2026-09-08
[2026-09-09 00:10:01] History root: /mnt/ssd/home/voptimaise-jetson-2/dev/electrosteel_pipe_detection_prod/var
[2026-09-09 00:10:01] Yesterday cleanup: delete Shift A and Shift B; keep Shift C
[2026-09-09 00:10:01] Folders older than yesterday will be deleted completely
[2026-09-09 00:10:01] [caster_1] Checking history directory: /mnt/ssd/home/voptimaise-jetson-2/dev/electrosteel_pipe_detection_prod/var/caster_1/history
[2026-09-09 00:10:01] [caster_1] Yesterday's folder does not exist.
[2026-09-09 00:10:01] [caster_1] No date folders older than yesterday found.
[2026-09-09 00:10:01] [caster_1] Summary: yesterday_items_deleted=0, old_date_folders_deleted=0, failed=0, freed=0B
[2026-09-09 00:10:01] [caster_2] Checking history directory: /mnt/ssd/home/voptimaise-jetson-2/dev/electrosteel_pipe_detection_prod/var/caster_2/history
[2026-09-09 00:10:01] [caster_2] Cleaning yesterday's folder: 2026_09_08
[2026-09-09 00:10:01] [caster_2] Yesterday item not present: Shift_A_img
[2026-09-09 00:10:01] [caster_2] Yesterday item not present: Shift_A_text
[2026-09-09 00:10:01] [caster_2] Yesterday item not present: Shift_B_img
[2026-09-09 00:10:01] [caster_2] Yesterday item not present: Shift_B_text
[2026-09-09 00:10:01] [caster_2] No date folders older than yesterday found.
[2026-09-09 00:10:01] [caster_2] Summary: yesterday_items_deleted=0, old_date_folders_deleted=0, failed=0, freed=0B
[2026-09-09 00:10:01] [caster_3] Checking history directory: /mnt/ssd/home/voptimaise-jetson-2/dev/electrosteel_pipe_detection_prod/var/caster_3/history
[2026-09-09 00:10:01] [caster_3] Cleaning yesterday's folder: 2026_09_08
[2026-09-09 00:10:01] [caster_3] Yesterday item not present: Shift_A_img
[2026-09-09 00:10:01] [caster_3] Yesterday item not present: Shift_A_text
[2026-09-09 00:10:01] [caster_3] Yesterday item not present: Shift_B_img
[2026-09-09 00:10:01] [caster_3] Yesterday item not present: Shift_B_text
[2026-09-09 00:10:01] [caster_3] No date folders older than yesterday found.
[2026-09-09 00:10:01] [caster_3] Summary: yesterday_items_deleted=0, old_date_folders_deleted=0, failed=0, freed=0B
[2026-09-09 00:10:01] [caster_4] No history directory. Skipping.
[2026-09-09 00:10:01] [caster_5] No history directory. Skipping.
[2026-09-09 00:10:01] [caster_6] No history directory. Skipping.
[2026-09-09 00:10:01] [caster_7] No history directory. Skipping.
[2026-09-09 00:10:01] [caster_8] No history directory. Skipping.
[2026-09-09 00:10:01] Cleanup completed
[2026-09-09 00:10:01] Casters checked: 3
[2026-09-09 00:10:01] Yesterday Shift A/B items deleted: 0
[2026-09-09 00:10:01] Old date folders deleted: 0
[2026-09-09 00:10:01] Failures: 0
[2026-09-09 00:10:01] Total space freed: 0B
[2026-09-09 00:10:01] Root filesystem usage:
Filesystem      Size  Used Avail Use% Mounted on
/dev/mmcblk0p1   56G   45G  8.2G  85% /
[2026-09-09 00:10:01] SSD filesystem usage:
Filesystem      Size  Used Avail Use% Mounted on
/dev/nvme0n1p1  440G  131G  287G  32% /mnt/ssd
[2026-09-09 00:10:01] ============================================================
[2026-09-10 00:10:01] ============================================================
[2026-09-10 00:10:01] Cleanup started
[2026-09-10 00:10:01] Today: 2026_09_10 / 2026-09-10
[2026-09-10 00:10:01] Yesterday: 2026_09_09 / 2026-09-09
[2026-09-10 00:10:01] History root: /mnt/ssd/home/voptimaise-jetson-2/dev/electrosteel_pipe_detection_prod/var
[2026-09-10 00:10:01] Yesterday cleanup: delete Shift A and Shift B; keep Shift C
[2026-09-10 00:10:01] Folders older than yesterday will be deleted completely
[2026-09-10 00:10:01] [caster_1] Checking history directory: /mnt/ssd/home/voptimaise-jetson-2/dev/electrosteel_pipe_detection_prod/var/caster_1/history
[2026-09-10 00:10:01] [caster_1] Yesterday's folder does not exist.
[2026-09-10 00:10:01] [caster_1] No date folders older than yesterday found.
[2026-09-10 00:10:01] [caster_1] Summary: yesterday_items_deleted=0, old_date_folders_deleted=0, failed=0, freed=0B
[2026-09-10 00:10:01] [caster_2] Checking history directory: /mnt/ssd/home/voptimaise-jetson-2/dev/electrosteel_pipe_detection_prod/var/caster_2/history
[2026-09-10 00:10:01] [caster_2] Cleaning yesterday's folder: 2026_09_09
[2026-09-10 00:10:01] [caster_2] Yesterday item not present: Shift_A_img
[2026-09-10 00:10:01] [caster_2] Yesterday item not present: Shift_A_text
[2026-09-10 00:10:01] [caster_2] Yesterday item not present: Shift_B_img
[2026-09-10 00:10:01] [caster_2] Yesterday item not present: Shift_B_text
[2026-09-10 00:10:01] [caster_2] No date folders older than yesterday found.
[2026-09-10 00:10:01] [caster_2] Summary: yesterday_items_deleted=0, old_date_folders_deleted=0, failed=0, freed=0B
[2026-09-10 00:10:01] [caster_3] Checking history directory: /mnt/ssd/home/voptimaise-jetson-2/dev/electrosteel_pipe_detection_prod/var/caster_3/history
[2026-09-10 00:10:01] [caster_3] Cleaning yesterday's folder: 2026_09_09
[2026-09-10 00:10:01] [caster_3] Yesterday item not present: Shift_A_img
[2026-09-10 00:10:01] [caster_3] Yesterday item not present: Shift_A_text
[2026-09-10 00:10:01] [caster_3] Yesterday item not present: Shift_B_img
[2026-09-10 00:10:01] [caster_3] Yesterday item not present: Shift_B_text
[2026-09-10 00:10:01] [caster_3] No date folders older than yesterday found.
[2026-09-10 00:10:01] [caster_3] Summary: yesterday_items_deleted=0, old_date_folders_deleted=0, failed=0, freed=0B
[2026-09-10 00:10:01] [caster_4] No history directory. Skipping.
[2026-09-10 00:10:01] [caster_5] No history directory. Skipping.
[2026-09-10 00:10:01] [caster_6] No history directory. Skipping.
[2026-09-10 00:10:01] [caster_7] No history directory. Skipping.
[2026-09-10 00:10:01] [caster_8] No history directory. Skipping.
[2026-09-10 00:10:01] Cleanup completed
[2026-09-10 00:10:01] Casters checked: 3
[2026-09-10 00:10:01] Yesterday Shift A/B items deleted: 0
[2026-09-10 00:10:01] Old date folders deleted: 0
[2026-09-10 00:10:01] Failures: 0
[2026-09-10 00:10:01] Total space freed: 0B
[2026-09-10 00:10:01] Root filesystem usage:
Filesystem      Size  Used Avail Use% Mounted on
/dev/mmcblk0p1   56G   46G  8.0G  86% /
[2026-09-10 00:10:01] SSD filesystem usage:
Filesystem      Size  Used Avail Use% Mounted on
/dev/nvme0n1p1  440G  126G  292G  31% /mnt/ssd
[2026-09-10 00:10:01] ============================================================
[2026-09-11 00:10:01] ============================================================
[2026-09-11 00:10:01] Cleanup started
[2026-09-11 00:10:01] Today: 2026_09_11 / 2026-09-11
[2026-09-11 00:10:01] Yesterday: 2026_09_10 / 2026-09-10
[2026-09-11 00:10:01] History root: /mnt/ssd/home/voptimaise-jetson-2/dev/electrosteel_pipe_detection_prod/var
[2026-09-11 00:10:01] Yesterday cleanup: delete Shift A and Shift B; keep Shift C
[2026-09-11 00:10:01] Folders older than yesterday will be deleted completely
[2026-09-11 00:10:01] [caster_1] Checking history directory: /mnt/ssd/home/voptimaise-jetson-2/dev/electrosteel_pipe_detection_prod/var/caster_1/history
[2026-09-11 00:10:01] [caster_1] Yesterday's folder does not exist.
[2026-09-11 00:10:01] [caster_1] No date folders older than yesterday found.
[2026-09-11 00:10:01] [caster_1] Summary: yesterday_items_deleted=0, old_date_folders_deleted=0, failed=0, freed=0B
[2026-09-11 00:10:01] [caster_2] Checking history directory: /mnt/ssd/home/voptimaise-jetson-2/dev/electrosteel_pipe_detection_prod/var/caster_2/history
[2026-09-11 00:10:01] [caster_2] Cleaning yesterday's folder: 2026_09_10
[2026-09-11 00:10:01] [caster_2] Yesterday item not present: Shift_A_img
[2026-09-11 00:10:01] [caster_2] Yesterday item not present: Shift_A_text
[2026-09-11 00:10:01] [caster_2] Yesterday item not present: Shift_B_img
[2026-09-11 00:10:01] [caster_2] Yesterday item not present: Shift_B_text
[2026-09-11 00:10:01] [caster_2] No date folders older than yesterday found.
[2026-09-11 00:10:01] [caster_2] Summary: yesterday_items_deleted=0, old_date_folders_deleted=0, failed=0, freed=0B
[2026-09-11 00:10:01] [caster_3] Checking history directory: /mnt/ssd/home/voptimaise-jetson-2/dev/electrosteel_pipe_detection_prod/var/caster_3/history
[2026-09-11 00:10:01] [caster_3] Cleaning yesterday's folder: 2026_09_10
[2026-09-11 00:10:01] [caster_3] Yesterday item not present: Shift_A_img
[2026-09-11 00:10:02] [caster_3] Yesterday item not present: Shift_A_text
[2026-09-11 00:10:02] [caster_3] Yesterday item not present: Shift_B_img
[2026-09-11 00:10:02] [caster_3] Yesterday item not present: Shift_B_text
[2026-09-11 00:10:02] [caster_3] No date folders older than yesterday found.
[2026-09-11 00:10:02] [caster_3] Summary: yesterday_items_deleted=0, old_date_folders_deleted=0, failed=0, freed=0B
[2026-09-11 00:10:02] [caster_4] No history directory. Skipping.
[2026-09-11 00:10:02] [caster_5] No history directory. Skipping.
[2026-09-11 00:10:02] [caster_6] No history directory. Skipping.
[2026-09-11 00:10:02] [caster_7] No history directory. Skipping.
[2026-09-11 00:10:02] [caster_8] No history directory. Skipping.
[2026-09-11 00:10:02] Cleanup completed
[2026-09-11 00:10:02] Casters checked: 3
[2026-09-11 00:10:02] Yesterday Shift A/B items deleted: 0
[2026-09-11 00:10:02] Old date folders deleted: 0
[2026-09-11 00:10:02] Failures: 0
[2026-09-11 00:10:02] Total space freed: 0B
[2026-09-11 00:10:02] Root filesystem usage:
Filesystem      Size  Used Avail Use% Mounted on
/dev/mmcblk0p1   56G   46G  7.5G  86% /
[2026-09-11 00:10:02] SSD filesystem usage:
Filesystem      Size  Used Avail Use% Mounted on
/dev/nvme0n1p1  440G  127G  290G  31% /mnt/ssd
[2026-09-11 00:10:02] ============================================================
[2026-09-12 00:10:01] ============================================================
[2026-09-12 00:10:01] Cleanup started
[2026-09-12 00:10:01] Today: 2026_09_12 / 2026-09-12
[2026-09-12 00:10:01] Yesterday: 2026_09_11 / 2026-09-11
[2026-09-12 00:10:01] History root: /mnt/ssd/home/voptimaise-jetson-2/dev/electrosteel_pipe_detection_prod/var
[2026-09-12 00:10:01] Yesterday cleanup: delete Shift A and Shift B; keep Shift C
[2026-09-12 00:10:01] Folders older than yesterday will be deleted completely
[2026-09-12 00:10:01] [caster_1] Checking history directory: /mnt/ssd/home/voptimaise-jetson-2/dev/electrosteel_pipe_detection_prod/var/caster_1/history
[2026-09-12 00:10:01] [caster_1] Yesterday's folder does not exist.
[2026-09-12 00:10:01] [caster_1] No date folders older than yesterday found.
[2026-09-12 00:10:01] [caster_1] Summary: yesterday_items_deleted=0, old_date_folders_deleted=0, failed=0, freed=0B
[2026-09-12 00:10:01] [caster_2] Checking history directory: /mnt/ssd/home/voptimaise-jetson-2/dev/electrosteel_pipe_detection_prod/var/caster_2/history
[2026-09-12 00:10:01] [caster_2] Cleaning yesterday's folder: 2026_09_11
[2026-09-12 00:10:01] [caster_2] Yesterday item not present: Shift_A_img
[2026-09-12 00:10:01] [caster_2] Yesterday item not present: Shift_A_text
[2026-09-12 00:10:01] [caster_2] Yesterday item not present: Shift_B_img
[2026-09-12 00:10:01] [caster_2] Yesterday item not present: Shift_B_text
[2026-09-12 00:10:01] [caster_2] No date folders older than yesterday found.
[2026-09-12 00:10:01] [caster_2] Summary: yesterday_items_deleted=0, old_date_folders_deleted=0, failed=0, freed=0B
[2026-09-12 00:10:01] [caster_3] Checking history directory: /mnt/ssd/home/voptimaise-jetson-2/dev/electrosteel_pipe_detection_prod/var/caster_3/history
[2026-09-12 00:10:01] [caster_3] Cleaning yesterday's folder: 2026_09_11
[2026-09-12 00:10:01] [caster_3] Yesterday item not present: Shift_A_img
[2026-09-12 00:10:01] [caster_3] Yesterday item not present: Shift_A_text
[2026-09-12 00:10:01] [caster_3] Yesterday item not present: Shift_B_img
[2026-09-12 00:10:01] [caster_3] Yesterday item not present: Shift_B_text
[2026-09-12 00:10:01] [caster_3] No date folders older than yesterday found.
[2026-09-12 00:10:01] [caster_3] Summary: yesterday_items_deleted=0, old_date_folders_deleted=0, failed=0, freed=0B
[2026-09-12 00:10:01] [caster_4] No history directory. Skipping.
[2026-09-12 00:10:01] [caster_5] No history directory. Skipping.
[2026-09-12 00:10:01] [caster_6] No history directory. Skipping.
[2026-09-12 00:10:01] [caster_7] No history directory. Skipping.
[2026-09-12 00:10:01] [caster_8] No history directory. Skipping.
[2026-09-12 00:10:01] Cleanup completed
[2026-09-12 00:10:01] Casters checked: 3
[2026-09-12 00:10:01] Yesterday Shift A/B items deleted: 0
[2026-09-12 00:10:01] Old date folders deleted: 0
[2026-09-12 00:10:01] Failures: 0
[2026-09-12 00:10:01] Total space freed: 0B
[2026-09-12 00:10:01] Root filesystem usage:
Filesystem      Size  Used Avail Use% Mounted on
/dev/mmcblk0p1   56G   46G  7.2G  87% /
[2026-09-12 00:10:01] SSD filesystem usage:
Filesystem      Size  Used Avail Use% Mounted on
/dev/nvme0n1p1  440G  129G  289G  31% /mnt/ssd
[2026-09-12 00:10:01] ============================================================
[2026-09-13 00:10:01] ============================================================
[2026-09-13 00:10:01] Cleanup started
[2026-09-13 00:10:01] Today: 2026_09_13 / 2026-09-13
[2026-09-13 00:10:01] Yesterday: 2026_09_12 / 2026-09-12
[2026-09-13 00:10:01] History root: /mnt/ssd/home/voptimaise-jetson-2/dev/electrosteel_pipe_detection_prod/var
[2026-09-13 00:10:01] Yesterday cleanup: delete Shift A and Shift B; keep Shift C
[2026-09-13 00:10:01] Folders older than yesterday will be deleted completely
[2026-09-13 00:10:01] [caster_1] Checking history directory: /mnt/ssd/home/voptimaise-jetson-2/dev/electrosteel_pipe_detection_prod/var/caster_1/history
[2026-09-13 00:10:01] [caster_1] Yesterday's folder does not exist.
[2026-09-13 00:10:01] [caster_1] No date folders older than yesterday found.
[2026-09-13 00:10:01] [caster_1] Summary: yesterday_items_deleted=0, old_date_folders_deleted=0, failed=0, freed=0B
[2026-09-13 00:10:01] [caster_2] Checking history directory: /mnt/ssd/home/voptimaise-jetson-2/dev/electrosteel_pipe_detection_prod/var/caster_2/history
[2026-09-13 00:10:01] [caster_2] Cleaning yesterday's folder: 2026_09_12
[2026-09-13 00:10:01] [caster_2] Yesterday item not present: Shift_A_img
[2026-09-13 00:10:01] [caster_2] Yesterday item not present: Shift_A_text
[2026-09-13 00:10:01] [caster_2] Yesterday item not present: Shift_B_img
[2026-09-13 00:10:01] [caster_2] Yesterday item not present: Shift_B_text
[2026-09-13 00:10:01] [caster_2] No date folders older than yesterday found.
[2026-09-13 00:10:01] [caster_2] Summary: yesterday_items_deleted=0, old_date_folders_deleted=0, failed=0, freed=0B
[2026-09-13 00:10:01] [caster_3] Checking history directory: /mnt/ssd/home/voptimaise-jetson-2/dev/electrosteel_pipe_detection_prod/var/caster_3/history
[2026-09-13 00:10:01] [caster_3] Cleaning yesterday's folder: 2026_09_12
[2026-09-13 00:10:01] [caster_3] Yesterday item not present: Shift_A_img
[2026-09-13 00:10:01] [caster_3] Yesterday item not present: Shift_A_text
[2026-09-13 00:10:01] [caster_3] Yesterday item not present: Shift_B_img
[2026-09-13 00:10:01] [caster_3] Yesterday item not present: Shift_B_text
[2026-09-13 00:10:01] [caster_3] No date folders older than yesterday found.
[2026-09-13 00:10:01] [caster_3] Summary: yesterday_items_deleted=0, old_date_folders_deleted=0, failed=0, freed=0B
[2026-09-13 00:10:01] [caster_4] No history directory. Skipping.
[2026-09-13 00:10:01] [caster_5] No history directory. Skipping.
[2026-09-13 00:10:01] [caster_6] No history directory. Skipping.
[2026-09-13 00:10:01] [caster_7] No history directory. Skipping.
[2026-09-13 00:10:01] [caster_8] No history directory. Skipping.
[2026-09-13 00:10:01] Cleanup completed
[2026-09-13 00:10:01] Casters checked: 3
[2026-09-13 00:10:01] Yesterday Shift A/B items deleted: 0
[2026-09-13 00:10:01] Old date folders deleted: 0
[2026-09-13 00:10:01] Failures: 0
[2026-09-13 00:10:01] Total space freed: 0B
[2026-09-13 00:10:01] Root filesystem usage:
Filesystem      Size  Used Avail Use% Mounted on
/dev/mmcblk0p1   56G   46G  7.3G  87% /
[2026-09-13 00:10:01] SSD filesystem usage:
Filesystem      Size  Used Avail Use% Mounted on
/dev/nvme0n1p1  440G  129G  289G  31% /mnt/ssd
[2026-09-13 00:10:01] ============================================================
[2026-09-14 00:10:01] ============================================================
[2026-09-14 00:10:01] Cleanup started
[2026-09-14 00:10:01] Today: 2026_09_14 / 2026-09-14
[2026-09-14 00:10:01] Yesterday: 2026_09_13 / 2026-09-13
[2026-09-14 00:10:01] History root: /mnt/ssd/home/voptimaise-jetson-2/dev/electrosteel_pipe_detection_prod/var
[2026-09-14 00:10:01] Yesterday cleanup: delete Shift A and Shift B; keep Shift C
[2026-09-14 00:10:01] Folders older than yesterday will be deleted completely
[2026-09-14 00:10:01] [caster_1] Checking history directory: /mnt/ssd/home/voptimaise-jetson-2/dev/electrosteel_pipe_detection_prod/var/caster_1/history
[2026-09-14 00:10:01] [caster_1] Yesterday's folder does not exist.
[2026-09-14 00:10:01] [caster_1] No date folders older than yesterday found.
[2026-09-14 00:10:01] [caster_1] Summary: yesterday_items_deleted=0, old_date_folders_deleted=0, failed=0, freed=0B
[2026-09-14 00:10:01] [caster_2] Checking history directory: /mnt/ssd/home/voptimaise-jetson-2/dev/electrosteel_pipe_detection_prod/var/caster_2/history
[2026-09-14 00:10:01] [caster_2] Cleaning yesterday's folder: 2026_09_13
[2026-09-14 00:10:01] [caster_2] Yesterday item not present: Shift_A_img
[2026-09-14 00:10:01] [caster_2] Yesterday item not present: Shift_A_text
[2026-09-14 00:10:01] [caster_2] Yesterday item not present: Shift_B_img
[2026-09-14 00:10:01] [caster_2] Yesterday item not present: Shift_B_text
[2026-09-14 00:10:01] [caster_2] No date folders older than yesterday found.
[2026-09-14 00:10:01] [caster_2] Summary: yesterday_items_deleted=0, old_date_folders_deleted=0, failed=0, freed=0B
[2026-09-14 00:10:01] [caster_3] Checking history directory: /mnt/ssd/home/voptimaise-jetson-2/dev/electrosteel_pipe_detection_prod/var/caster_3/history
[2026-09-14 00:10:01] [caster_3] Cleaning yesterday's folder: 2026_09_13
[2026-09-14 00:10:01] [caster_3] Yesterday item not present: Shift_A_img
[2026-09-14 00:10:01] [caster_3] Yesterday item not present: Shift_A_text
[2026-09-14 00:10:01] [caster_3] Yesterday item not present: Shift_B_img
[2026-09-14 00:10:01] [caster_3] Yesterday item not present: Shift_B_text
[2026-09-14 00:10:01] [caster_3] No date folders older than yesterday found.
[2026-09-14 00:10:01] [caster_3] Summary: yesterday_items_deleted=0, old_date_folders_deleted=0, failed=0, freed=0B
[2026-09-14 00:10:01] [caster_4] No history directory. Skipping.
[2026-09-14 00:10:01] [caster_5] No history directory. Skipping.
[2026-09-14 00:10:01] [caster_6] No history directory. Skipping.
[2026-09-14 00:10:01] [caster_7] No history directory. Skipping.
[2026-09-14 00:10:01] [caster_8] No history directory. Skipping.
[2026-09-14 00:10:01] Cleanup completed
[2026-09-14 00:10:01] Casters checked: 3
[2026-09-14 00:10:01] Yesterday Shift A/B items deleted: 0
[2026-09-14 00:10:01] Old date folders deleted: 0
[2026-09-14 00:10:01] Failures: 0
[2026-09-14 00:10:01] Total space freed: 0B
[2026-09-14 00:10:01] Root filesystem usage:
Filesystem      Size  Used Avail Use% Mounted on
/dev/mmcblk0p1   56G   46G  7.7G  86% /
[2026-09-14 00:10:01] SSD filesystem usage:
Filesystem      Size  Used Avail Use% Mounted on
/dev/nvme0n1p1  440G  130G  288G  31% /mnt/ssd
[2026-09-14 00:10:01] ============================================================
[2026-09-15 00:10:01] ============================================================
[2026-09-15 00:10:01] Cleanup started
[2026-09-15 00:10:01] Today: 2026_09_15 / 2026-09-15
[2026-09-15 00:10:01] Yesterday: 2026_09_14 / 2026-09-14
[2026-09-15 00:10:01] History root: /mnt/ssd/home/voptimaise-jetson-2/dev/electrosteel_pipe_detection_prod/var
[2026-09-15 00:10:01] Yesterday cleanup: delete Shift A and Shift B; keep Shift C
[2026-09-15 00:10:01] Folders older than yesterday will be deleted completely
[2026-09-15 00:10:01] [caster_1] Checking history directory: /mnt/ssd/home/voptimaise-jetson-2/dev/electrosteel_pipe_detection_prod/var/caster_1/history
[2026-09-15 00:10:01] [caster_1] Yesterday's folder does not exist.
[2026-09-15 00:10:01] [caster_1] No date folders older than yesterday found.
[2026-09-15 00:10:01] [caster_1] Summary: yesterday_items_deleted=0, old_date_folders_deleted=0, failed=0, freed=0B
[2026-09-15 00:10:01] [caster_2] Checking history directory: /mnt/ssd/home/voptimaise-jetson-2/dev/electrosteel_pipe_detection_prod/var/caster_2/history
[2026-09-15 00:10:01] [caster_2] Cleaning yesterday's folder: 2026_09_14
[2026-09-15 00:10:01] [caster_2] Yesterday item not present: Shift_A_img
[2026-09-15 00:10:01] [caster_2] Yesterday item not present: Shift_A_text
[2026-09-15 00:10:01] [caster_2] Yesterday item not present: Shift_B_img
[2026-09-15 00:10:01] [caster_2] Yesterday item not present: Shift_B_text
[2026-09-15 00:10:01] [caster_2] No date folders older than yesterday found.
[2026-09-15 00:10:01] [caster_2] Summary: yesterday_items_deleted=0, old_date_folders_deleted=0, failed=0, freed=0B
[2026-09-15 00:10:01] [caster_3] Checking history directory: /mnt/ssd/home/voptimaise-jetson-2/dev/electrosteel_pipe_detection_prod/var/caster_3/history
[2026-09-15 00:10:01] [caster_3] Cleaning yesterday's folder: 2026_09_14
[2026-09-15 00:10:01] [caster_3] Yesterday item not present: Shift_A_img
[2026-09-15 00:10:01] [caster_3] Yesterday item not present: Shift_A_text
[2026-09-15 00:10:01] [caster_3] Yesterday item not present: Shift_B_img
[2026-09-15 00:10:01] [caster_3] Yesterday item not present: Shift_B_text
[2026-09-15 00:10:02] [caster_3] No date folders older than yesterday found.
[2026-09-15 00:10:02] [caster_3] Summary: yesterday_items_deleted=0, old_date_folders_deleted=0, failed=0, freed=0B
[2026-09-15 00:10:02] [caster_4] No history directory. Skipping.
[2026-09-15 00:10:02] [caster_5] No history directory. Skipping.
[2026-09-15 00:10:02] [caster_6] No history directory. Skipping.
[2026-09-15 00:10:02] [caster_7] No history directory. Skipping.
[2026-09-15 00:10:02] [caster_8] No history directory. Skipping.
[2026-09-15 00:10:02] Cleanup completed
[2026-09-15 00:10:02] Casters checked: 3
[2026-09-15 00:10:02] Yesterday Shift A/B items deleted: 0
[2026-09-15 00:10:02] Old date folders deleted: 0
[2026-09-15 00:10:02] Failures: 0
[2026-09-15 00:10:02] Total space freed: 0B
[2026-09-15 00:10:02] Root filesystem usage:
Filesystem      Size  Used Avail Use% Mounted on
/dev/mmcblk0p1   56G   46G  7.5G  87% /
[2026-09-15 00:10:02] SSD filesystem usage:
Filesystem      Size  Used Avail Use% Mounted on
/dev/nvme0n1p1  440G  127G  290G  31% /mnt/ssd
[2026-09-15 00:10:02] ============================================================
[2026-09-16 00:10:01] ============================================================
[2026-09-16 00:10:01] Cleanup started
[2026-09-16 00:10:01] Today: 2026_09_16 / 2026-09-16
[2026-09-16 00:10:01] Yesterday: 2026_09_15 / 2026-09-15
[2026-09-16 00:10:01] History root: /mnt/ssd/home/voptimaise-jetson-2/dev/electrosteel_pipe_detection_prod/var
[2026-09-16 00:10:01] Yesterday cleanup: delete Shift A and Shift B; keep Shift C
[2026-09-16 00:10:01] Folders older than yesterday will be deleted completely
[2026-09-16 00:10:01] [caster_1] Checking history directory: /mnt/ssd/home/voptimaise-jetson-2/dev/electrosteel_pipe_detection_prod/var/caster_1/history
[2026-09-16 00:10:01] [caster_1] Yesterday's folder does not exist.
[2026-09-16 00:10:01] [caster_1] No date folders older than yesterday found.
[2026-09-16 00:10:01] [caster_1] Summary: yesterday_items_deleted=0, old_date_folders_deleted=0, failed=0, freed=0B
[2026-09-16 00:10:01] [caster_2] Checking history directory: /mnt/ssd/home/voptimaise-jetson-2/dev/electrosteel_pipe_detection_prod/var/caster_2/history
[2026-09-16 00:10:01] [caster_2] Cleaning yesterday's folder: 2026_09_15
[2026-09-16 00:10:01] [caster_2] Yesterday item not present: Shift_A_img
[2026-09-16 00:10:01] [caster_2] Yesterday item not present: Shift_A_text
[2026-09-16 00:10:01] [caster_2] Yesterday item not present: Shift_B_img
[2026-09-16 00:10:01] [caster_2] Yesterday item not present: Shift_B_text
[2026-09-16 00:10:01] [caster_2] No date folders older than yesterday found.
[2026-09-16 00:10:01] [caster_2] Summary: yesterday_items_deleted=0, old_date_folders_deleted=0, failed=0, freed=0B
[2026-09-16 00:10:01] [caster_3] Checking history directory: /mnt/ssd/home/voptimaise-jetson-2/dev/electrosteel_pipe_detection_prod/var/caster_3/history
[2026-09-16 00:10:01] [caster_3] Cleaning yesterday's folder: 2026_09_15
[2026-09-16 00:10:01] [caster_3] Yesterday item not present: Shift_A_img
[2026-09-16 00:10:01] [caster_3] Yesterday item not present: Shift_A_text
[2026-09-16 00:10:01] [caster_3] Yesterday item not present: Shift_B_img
[2026-09-16 00:10:01] [caster_3] Yesterday item not present: Shift_B_text
[2026-09-16 00:10:01] [caster_3] No date folders older than yesterday found.
[2026-09-16 00:10:01] [caster_3] Summary: yesterday_items_deleted=0, old_date_folders_deleted=0, failed=0, freed=0B
[2026-09-16 00:10:01] [caster_4] No history directory. Skipping.
[2026-09-16 00:10:01] [caster_5] No history directory. Skipping.
[2026-09-16 00:10:01] [caster_6] No history directory. Skipping.
[2026-09-16 00:10:01] [caster_7] No history directory. Skipping.
[2026-09-16 00:10:01] [caster_8] No history directory. Skipping.
[2026-09-16 00:10:01] Cleanup completed
[2026-09-16 00:10:01] Casters checked: 3
[2026-09-16 00:10:01] Yesterday Shift A/B items deleted: 0
[2026-09-16 00:10:01] Old date folders deleted: 0
[2026-09-16 00:10:01] Failures: 0
[2026-09-16 00:10:01] Total space freed: 0B
[2026-09-16 00:10:01] Root filesystem usage:
Filesystem      Size  Used Avail Use% Mounted on
/dev/mmcblk0p1   56G   46G  7.4G  87% /
[2026-09-16 00:10:01] SSD filesystem usage:
Filesystem      Size  Used Avail Use% Mounted on
/dev/nvme0n1p1  440G  131G  287G  32% /mnt/ssd
[2026-09-16 00:10:01] ============================================================
[2026-09-17 00:10:01] ============================================================
[2026-09-17 00:10:01] Cleanup started
[2026-09-17 00:10:01] Today: 2026_09_17 / 2026-09-17
[2026-09-17 00:10:01] Yesterday: 2026_09_16 / 2026-09-16
[2026-09-17 00:10:01] History root: /mnt/ssd/home/voptimaise-jetson-2/dev/electrosteel_pipe_detection_prod/var
[2026-09-17 00:10:01] Yesterday cleanup: delete Shift A and Shift B; keep Shift C
[2026-09-17 00:10:01] Folders older than yesterday will be deleted completely
[2026-09-17 00:10:01] [caster_1] Checking history directory: /mnt/ssd/home/voptimaise-jetson-2/dev/electrosteel_pipe_detection_prod/var/caster_1/history
[2026-09-17 00:10:01] [caster_1] Yesterday's folder does not exist.
[2026-09-17 00:10:01] [caster_1] No date folders older than yesterday found.
[2026-09-17 00:10:01] [caster_1] Summary: yesterday_items_deleted=0, old_date_folders_deleted=0, failed=0, freed=0B
[2026-09-17 00:10:01] [caster_2] Checking history directory: /mnt/ssd/home/voptimaise-jetson-2/dev/electrosteel_pipe_detection_prod/var/caster_2/history
[2026-09-17 00:10:01] [caster_2] Cleaning yesterday's folder: 2026_09_16
[2026-09-17 00:10:01] [caster_2] Yesterday item not present: Shift_A_img
[2026-09-17 00:10:01] [caster_2] Yesterday item not present: Shift_A_text
[2026-09-17 00:10:01] [caster_2] Yesterday item not present: Shift_B_img
[2026-09-17 00:10:01] [caster_2] Yesterday item not present: Shift_B_text
[2026-09-17 00:10:01] [caster_2] No date folders older than yesterday found.
[2026-09-17 00:10:01] [caster_2] Summary: yesterday_items_deleted=0, old_date_folders_deleted=0, failed=0, freed=0B
[2026-09-17 00:10:01] [caster_3] Checking history directory: /mnt/ssd/home/voptimaise-jetson-2/dev/electrosteel_pipe_detection_prod/var/caster_3/history
[2026-09-17 00:10:01] [caster_3] Cleaning yesterday's folder: 2026_09_16
[2026-09-17 00:10:01] [caster_3] Yesterday item not present: Shift_A_img
[2026-09-17 00:10:01] [caster_3] Yesterday item not present: Shift_A_text
[2026-09-17 00:10:01] [caster_3] Yesterday item not present: Shift_B_img
[2026-09-17 00:10:01] [caster_3] Yesterday item not present: Shift_B_text
[2026-09-17 00:10:01] [caster_3] No date folders older than yesterday found.
[2026-09-17 00:10:01] [caster_3] Summary: yesterday_items_deleted=0, old_date_folders_deleted=0, failed=0, freed=0B
[2026-09-17 00:10:01] [caster_4] No history directory. Skipping.
[2026-09-17 00:10:01] [caster_5] No history directory. Skipping.
[2026-09-17 00:10:01] [caster_6] No history directory. Skipping.
[2026-09-17 00:10:01] [caster_7] No history directory. Skipping.
[2026-09-17 00:10:01] [caster_8] No history directory. Skipping.
[2026-09-17 00:10:01] Cleanup completed
[2026-09-17 00:10:01] Casters checked: 3
[2026-09-17 00:10:01] Yesterday Shift A/B items deleted: 0
[2026-09-17 00:10:01] Old date folders deleted: 0
[2026-09-17 00:10:01] Failures: 0
[2026-09-17 00:10:01] Total space freed: 0B
[2026-09-17 00:10:01] Root filesystem usage:
Filesystem      Size  Used Avail Use% Mounted on
/dev/mmcblk0p1   56G   46G  7.3G  87% /
[2026-09-17 00:10:01] SSD filesystem usage:
Filesystem      Size  Used Avail Use% Mounted on
/dev/nvme0n1p1  440G  132G  285G  32% /mnt/ssd
[2026-09-17 00:10:01] ============================================================
[2026-09-18 00:10:01] ============================================================
[2026-09-18 00:10:01] Cleanup started
[2026-09-18 00:10:01] Today: 2026_09_18 / 2026-09-18
[2026-09-18 00:10:01] Yesterday: 2026_09_17 / 2026-09-17
[2026-09-18 00:10:01] History root: /mnt/ssd/home/voptimaise-jetson-2/dev/electrosteel_pipe_detection_prod/var
[2026-09-18 00:10:01] Yesterday cleanup: delete Shift A and Shift B; keep Shift C
[2026-09-18 00:10:01] Folders older than yesterday will be deleted completely
[2026-09-18 00:10:01] [caster_1] Checking history directory: /mnt/ssd/home/voptimaise-jetson-2/dev/electrosteel_pipe_detection_prod/var/caster_1/history
[2026-09-18 00:10:01] [caster_1] Yesterday's folder does not exist.
[2026-09-18 00:10:01] [caster_1] No date folders older than yesterday found.
[2026-09-18 00:10:01] [caster_1] Summary: yesterday_items_deleted=0, old_date_folders_deleted=0, failed=0, freed=0B
[2026-09-18 00:10:01] [caster_2] Checking history directory: /mnt/ssd/home/voptimaise-jetson-2/dev/electrosteel_pipe_detection_prod/var/caster_2/history
[2026-09-18 00:10:01] [caster_2] Cleaning yesterday's folder: 2026_09_17
[2026-09-18 00:10:01] [caster_2] Yesterday item not present: Shift_A_img
[2026-09-18 00:10:01] [caster_2] Yesterday item not present: Shift_A_text
[2026-09-18 00:10:01] [caster_2] Yesterday item not present: Shift_B_img
[2026-09-18 00:10:01] [caster_2] Yesterday item not present: Shift_B_text
[2026-09-18 00:10:01] [caster_2] No date folders older than yesterday found.
[2026-09-18 00:10:01] [caster_2] Summary: yesterday_items_deleted=0, old_date_folders_deleted=0, failed=0, freed=0B
[2026-09-18 00:10:01] [caster_3] Checking history directory: /mnt/ssd/home/voptimaise-jetson-2/dev/electrosteel_pipe_detection_prod/var/caster_3/history
[2026-09-18 00:10:01] [caster_3] Cleaning yesterday's folder: 2026_09_17
[2026-09-18 00:10:01] [caster_3] Yesterday item not present: Shift_A_img
[2026-09-18 00:10:01] [caster_3] Yesterday item not present: Shift_A_text
[2026-09-18 00:10:01] [caster_3] Yesterday item not present: Shift_B_img
[2026-09-18 00:10:01] [caster_3] Yesterday item not present: Shift_B_text
[2026-09-18 00:10:01] [caster_3] No date folders older than yesterday found.
[2026-09-18 00:10:01] [caster_3] Summary: yesterday_items_deleted=0, old_date_folders_deleted=0, failed=0, freed=0B
[2026-09-18 00:10:01] [caster_4] No history directory. Skipping.
[2026-09-18 00:10:01] [caster_5] No history directory. Skipping.
[2026-09-18 00:10:01] [caster_6] No history directory. Skipping.
[2026-09-18 00:10:01] [caster_7] No history directory. Skipping.
[2026-09-18 00:10:01] [caster_8] No history directory. Skipping.
[2026-09-18 00:10:01] Cleanup completed
[2026-09-18 00:10:01] Casters checked: 3
[2026-09-18 00:10:01] Yesterday Shift A/B items deleted: 0
[2026-09-18 00:10:01] Old date folders deleted: 0
[2026-09-18 00:10:01] Failures: 0
[2026-09-18 00:10:01] Total space freed: 0B
[2026-09-18 00:10:01] Root filesystem usage:
Filesystem      Size  Used Avail Use% Mounted on
/dev/mmcblk0p1   56G   46G  7.2G  87% /
[2026-09-18 00:10:01] SSD filesystem usage:
Filesystem      Size  Used Avail Use% Mounted on
/dev/nvme0n1p1  440G  131G  287G  32% /mnt/ssd
[2026-09-18 00:10:01] ============================================================
[2026-09-19 00:10:01] ============================================================
[2026-09-19 00:10:01] Cleanup started
[2026-09-19 00:10:01] Today: 2026_09_19 / 2026-09-19
[2026-09-19 00:10:01] Yesterday: 2026_09_18 / 2026-09-18
[2026-09-19 00:10:01] History root: /mnt/ssd/home/voptimaise-jetson-2/dev/electrosteel_pipe_detection_prod/var
[2026-09-19 00:10:01] Yesterday cleanup: delete Shift A and Shift B; keep Shift C
[2026-09-19 00:10:01] Folders older than yesterday will be deleted completely
[2026-09-19 00:10:01] [caster_1] Checking history directory: /mnt/ssd/home/voptimaise-jetson-2/dev/electrosteel_pipe_detection_prod/var/caster_1/history
[2026-09-19 00:10:01] [caster_1] Yesterday's folder does not exist.
[2026-09-19 00:10:01] [caster_1] No date folders older than yesterday found.
[2026-09-19 00:10:01] [caster_1] Summary: yesterday_items_deleted=0, old_date_folders_deleted=0, failed=0, freed=0B
[2026-09-19 00:10:01] [caster_2] Checking history directory: /mnt/ssd/home/voptimaise-jetson-2/dev/electrosteel_pipe_detection_prod/var/caster_2/history
[2026-09-19 00:10:01] [caster_2] Cleaning yesterday's folder: 2026_09_18
[2026-09-19 00:10:01] [caster_2] Yesterday item not present: Shift_A_img
[2026-09-19 00:10:01] [caster_2] Yesterday item not present: Shift_A_text
[2026-09-19 00:10:01] [caster_2] Yesterday item not present: Shift_B_img
[2026-09-19 00:10:01] [caster_2] Yesterday item not present: Shift_B_text
[2026-09-19 00:10:01] [caster_2] No date folders older than yesterday found.
[2026-09-19 00:10:01] [caster_2] Summary: yesterday_items_deleted=0, old_date_folders_deleted=0, failed=0, freed=0B
[2026-09-19 00:10:01] [caster_3] Checking history directory: /mnt/ssd/home/voptimaise-jetson-2/dev/electrosteel_pipe_detection_prod/var/caster_3/history
[2026-09-19 00:10:01] [caster_3] Cleaning yesterday's folder: 2026_09_18
[2026-09-19 00:10:01] [caster_3] Yesterday item not present: Shift_A_img
[2026-09-19 00:10:01] [caster_3] Yesterday item not present: Shift_A_text
[2026-09-19 00:10:01] [caster_3] Yesterday item not present: Shift_B_img
[2026-09-19 00:10:01] [caster_3] Yesterday item not present: Shift_B_text
[2026-09-19 00:10:01] [caster_3] No date folders older than yesterday found.
[2026-09-19 00:10:01] [caster_3] Summary: yesterday_items_deleted=0, old_date_folders_deleted=0, failed=0, freed=0B
[2026-09-19 00:10:01] [caster_4] No history directory. Skipping.
[2026-09-19 00:10:02] [caster_5] No history directory. Skipping.
[2026-09-19 00:10:02] [caster_6] No history directory. Skipping.
[2026-09-19 00:10:02] [caster_7] No history directory. Skipping.
[2026-09-19 00:10:02] [caster_8] No history directory. Skipping.
[2026-09-19 00:10:02] Cleanup completed
[2026-09-19 00:10:02] Casters checked: 3
[2026-09-19 00:10:02] Yesterday Shift A/B items deleted: 0
[2026-09-19 00:10:02] Old date folders deleted: 0
[2026-09-19 00:10:02] Failures: 0
[2026-09-19 00:10:02] Total space freed: 0B
[2026-09-19 00:10:02] Root filesystem usage:
Filesystem      Size  Used Avail Use% Mounted on
/dev/mmcblk0p1   56G   47G  7.0G  87% /
[2026-09-19 00:10:02] SSD filesystem usage:
Filesystem      Size  Used Avail Use% Mounted on
/dev/nvme0n1p1  440G  131G  286G  32% /mnt/ssd
[2026-09-19 00:10:02] ============================================================
[2026-09-20 00:10:01] ============================================================
[2026-09-20 00:10:01] Cleanup started
[2026-09-20 00:10:01] Today: 2026_09_20 / 2026-09-20
[2026-09-20 00:10:01] Yesterday: 2026_09_19 / 2026-09-19
[2026-09-20 00:10:01] History root: /mnt/ssd/home/voptimaise-jetson-2/dev/electrosteel_pipe_detection_prod/var
[2026-09-20 00:10:01] Yesterday cleanup: delete Shift A and Shift B; keep Shift C
[2026-09-20 00:10:01] Folders older than yesterday will be deleted completely
[2026-09-20 00:10:01] [caster_1] Checking history directory: /mnt/ssd/home/voptimaise-jetson-2/dev/electrosteel_pipe_detection_prod/var/caster_1/history
[2026-09-20 00:10:01] [caster_1] Yesterday's folder does not exist.
[2026-09-20 00:10:01] [caster_1] No date folders older than yesterday found.
[2026-09-20 00:10:01] [caster_1] Summary: yesterday_items_deleted=0, old_date_folders_deleted=0, failed=0, freed=0B
[2026-09-20 00:10:01] [caster_2] Checking history directory: /mnt/ssd/home/voptimaise-jetson-2/dev/electrosteel_pipe_detection_prod/var/caster_2/history
[2026-09-20 00:10:01] [caster_2] Cleaning yesterday's folder: 2026_09_19
[2026-09-20 00:10:01] [caster_2] Yesterday item not present: Shift_A_img
[2026-09-20 00:10:01] [caster_2] Yesterday item not present: Shift_A_text
[2026-09-20 00:10:01] [caster_2] Yesterday item not present: Shift_B_img
[2026-09-20 00:10:01] [caster_2] Yesterday item not present: Shift_B_text
[2026-09-20 00:10:01] [caster_2] No date folders older than yesterday found.
[2026-09-20 00:10:01] [caster_2] Summary: yesterday_items_deleted=0, old_date_folders_deleted=0, failed=0, freed=0B
[2026-09-20 00:10:01] [caster_3] Checking history directory: /mnt/ssd/home/voptimaise-jetson-2/dev/electrosteel_pipe_detection_prod/var/caster_3/history
[2026-09-20 00:10:01] [caster_3] Cleaning yesterday's folder: 2026_09_19
[2026-09-20 00:10:01] [caster_3] Yesterday item not present: Shift_A_img
[2026-09-20 00:10:01] [caster_3] Yesterday item not present: Shift_A_text
[2026-09-20 00:10:01] [caster_3] Yesterday item not present: Shift_B_img
[2026-09-20 00:10:01] [caster_3] Yesterday item not present: Shift_B_text
[2026-09-20 00:10:01] [caster_3] No date folders older than yesterday found.
[2026-09-20 00:10:01] [caster_3] Summary: yesterday_items_deleted=0, old_date_folders_deleted=0, failed=0, freed=0B
[2026-09-20 00:10:01] [caster_4] No history directory. Skipping.
[2026-09-20 00:10:01] [caster_5] No history directory. Skipping.
[2026-09-20 00:10:01] [caster_6] No history directory. Skipping.
[2026-09-20 00:10:01] [caster_7] No history directory. Skipping.
[2026-09-20 00:10:01] [caster_8] No history directory. Skipping.
[2026-09-20 00:10:01] Cleanup completed
[2026-09-20 00:10:01] Casters checked: 3
[2026-09-20 00:10:01] Yesterday Shift A/B items deleted: 0
[2026-09-20 00:10:01] Old date folders deleted: 0
[2026-09-20 00:10:01] Failures: 0
[2026-09-20 00:10:01] Total space freed: 0B
[2026-09-20 00:10:01] Root filesystem usage:
Filesystem      Size  Used Avail Use% Mounted on
/dev/mmcblk0p1   56G   47G  6.9G  87% /
[2026-09-20 00:10:01] SSD filesystem usage:
Filesystem      Size  Used Avail Use% Mounted on
/dev/nvme0n1p1  440G  130G  287G  32% /mnt/ssd
[2026-09-20 00:10:01] ============================================================
[2026-09-21 00:10:01] ============================================================
[2026-09-21 00:10:01] Cleanup started
[2026-09-21 00:10:01] Today: 2026_09_21 / 2026-09-21
[2026-09-21 00:10:01] Yesterday: 2026_09_20 / 2026-09-20
[2026-09-21 00:10:01] History root: /mnt/ssd/home/voptimaise-jetson-2/dev/electrosteel_pipe_detection_prod/var
[2026-09-21 00:10:01] Yesterday cleanup: delete Shift A and Shift B; keep Shift C
[2026-09-21 00:10:01] Folders older than yesterday will be deleted completely
[2026-09-21 00:10:02] [caster_1] Checking history directory: /mnt/ssd/home/voptimaise-jetson-2/dev/electrosteel_pipe_detection_prod/var/caster_1/history
[2026-09-21 00:10:02] [caster_1] Yesterday's folder does not exist.
[2026-09-21 00:10:02] [caster_1] No date folders older than yesterday found.
[2026-09-21 00:10:02] [caster_1] Summary: yesterday_items_deleted=0, old_date_folders_deleted=0, failed=0, freed=0B
[2026-09-21 00:10:02] [caster_2] Checking history directory: /mnt/ssd/home/voptimaise-jetson-2/dev/electrosteel_pipe_detection_prod/var/caster_2/history
[2026-09-21 00:10:02] [caster_2] Cleaning yesterday's folder: 2026_09_20
[2026-09-21 00:10:02] [caster_2] Yesterday item not present: Shift_A_img
[2026-09-21 00:10:02] [caster_2] Yesterday item not present: Shift_A_text
[2026-09-21 00:10:02] [caster_2] Yesterday item not present: Shift_B_img
[2026-09-21 00:10:02] [caster_2] Yesterday item not present: Shift_B_text
[2026-09-21 00:10:02] [caster_2] No date folders older than yesterday found.
[2026-09-21 00:10:02] [caster_2] Summary: yesterday_items_deleted=0, old_date_folders_deleted=0, failed=0, freed=0B
[2026-09-21 00:10:02] [caster_3] Checking history directory: /mnt/ssd/home/voptimaise-jetson-2/dev/electrosteel_pipe_detection_prod/var/caster_3/history
[2026-09-21 00:10:02] [caster_3] Cleaning yesterday's folder: 2026_09_20
[2026-09-21 00:10:02] [caster_3] Yesterday item not present: Shift_A_img
[2026-09-21 00:10:02] [caster_3] Yesterday item not present: Shift_A_text
[2026-09-21 00:10:02] [caster_3] Yesterday item not present: Shift_B_img
[2026-09-21 00:10:02] [caster_3] Yesterday item not present: Shift_B_text
[2026-09-21 00:10:02] [caster_3] No date folders older than yesterday found.
[2026-09-21 00:10:02] [caster_3] Summary: yesterday_items_deleted=0, old_date_folders_deleted=0, failed=0, freed=0B
[2026-09-21 00:10:02] [caster_4] No history directory. Skipping.
[2026-09-21 00:10:02] [caster_5] No history directory. Skipping.
[2026-09-21 00:10:02] [caster_6] No history directory. Skipping.
[2026-09-21 00:10:02] [caster_7] No history directory. Skipping.
[2026-09-21 00:10:02] [caster_8] No history directory. Skipping.
[2026-09-21 00:10:02] Cleanup completed
[2026-09-21 00:10:02] Casters checked: 3
[2026-09-21 00:10:02] Yesterday Shift A/B items deleted: 0
[2026-09-21 00:10:02] Old date folders deleted: 0
[2026-09-21 00:10:02] Failures: 0
[2026-09-21 00:10:02] Total space freed: 0B
[2026-09-21 00:10:02] Root filesystem usage:
Filesystem      Size  Used Avail Use% Mounted on
/dev/mmcblk0p1   56G   47G  6.9G  88% /
[2026-09-21 00:10:02] SSD filesystem usage:
Filesystem      Size  Used Avail Use% Mounted on
/dev/nvme0n1p1  440G  132G  286G  32% /mnt/ssd
[2026-09-21 00:10:02] ============================================================
[2026-09-22 00:10:01] ============================================================
[2026-09-22 00:10:01] Cleanup started
[2026-09-22 00:10:01] Today: 2026_09_22 / 2026-09-22
[2026-09-22 00:10:01] Yesterday: 2026_09_21 / 2026-09-21
[2026-09-22 00:10:01] History root: /mnt/ssd/home/voptimaise-jetson-2/dev/electrosteel_pipe_detection_prod/var
[2026-09-22 00:10:01] Yesterday cleanup: delete Shift A and Shift B; keep Shift C
[2026-09-22 00:10:01] Folders older than yesterday will be deleted completely
[2026-09-22 00:10:01] [caster_1] Checking history directory: /mnt/ssd/home/voptimaise-jetson-2/dev/electrosteel_pipe_detection_prod/var/caster_1/history
[2026-09-22 00:10:01] [caster_1] Yesterday's folder does not exist.
[2026-09-22 00:10:01] [caster_1] No date folders older than yesterday found.
[2026-09-22 00:10:01] [caster_1] Summary: yesterday_items_deleted=0, old_date_folders_deleted=0, failed=0, freed=0B
[2026-09-22 00:10:01] [caster_2] Checking history directory: /mnt/ssd/home/voptimaise-jetson-2/dev/electrosteel_pipe_detection_prod/var/caster_2/history
[2026-09-22 00:10:01] [caster_2] Cleaning yesterday's folder: 2026_09_21
[2026-09-22 00:10:01] [caster_2] Yesterday item not present: Shift_A_img
[2026-09-22 00:10:01] [caster_2] Yesterday item not present: Shift_A_text
[2026-09-22 00:10:01] [caster_2] Yesterday item not present: Shift_B_img
[2026-09-22 00:10:01] [caster_2] Yesterday item not present: Shift_B_text
[2026-09-22 00:10:01] [caster_2] No date folders older than yesterday found.
[2026-09-22 00:10:01] [caster_2] Summary: yesterday_items_deleted=0, old_date_folders_deleted=0, failed=0, freed=0B
[2026-09-22 00:10:01] [caster_3] Checking history directory: /mnt/ssd/home/voptimaise-jetson-2/dev/electrosteel_pipe_detection_prod/var/caster_3/history
[2026-09-22 00:10:01] [caster_3] Cleaning yesterday's folder: 2026_09_21
[2026-09-22 00:10:01] [caster_3] Yesterday item not present: Shift_A_img
[2026-09-22 00:10:01] [caster_3] Yesterday item not present: Shift_A_text
[2026-09-22 00:10:01] [caster_3] Yesterday item not present: Shift_B_img
[2026-09-22 00:10:01] [caster_3] Yesterday item not present: Shift_B_text
[2026-09-22 00:10:01] [caster_3] No date folders older than yesterday found.
[2026-09-22 00:10:01] [caster_3] Summary: yesterday_items_deleted=0, old_date_folders_deleted=0, failed=0, freed=0B
[2026-09-22 00:10:01] [caster_4] No history directory. Skipping.
[2026-09-22 00:10:01] [caster_5] No history directory. Skipping.
[2026-09-22 00:10:01] [caster_6] No history directory. Skipping.
[2026-09-22 00:10:01] [caster_7] No history directory. Skipping.
[2026-09-22 00:10:01] [caster_8] No history directory. Skipping.
[2026-09-22 00:10:01] Cleanup completed
[2026-09-22 00:10:01] Casters checked: 3
[2026-09-22 00:10:01] Yesterday Shift A/B items deleted: 0
[2026-09-22 00:10:01] Old date folders deleted: 0
[2026-09-22 00:10:01] Failures: 0
[2026-09-22 00:10:01] Total space freed: 0B
[2026-09-22 00:10:01] Root filesystem usage:
Filesystem      Size  Used Avail Use% Mounted on
/dev/mmcblk0p1   56G   47G  6.7G  88% /
[2026-09-22 00:10:01] SSD filesystem usage:
Filesystem      Size  Used Avail Use% Mounted on
/dev/nvme0n1p1  440G  137G  281G  33% /mnt/ssd
[2026-09-22 00:10:01] ============================================================
